hospital_name,fac_number,hospital_type,person_name,credentials,title,collection_date,data_status,source_url,pattern_used,notes
TORONTO UNITY HEALTH TORONTO,980,Teaching Hospital,Altaf Stationwala,NA,President and CEO,2025-11-23,scraped,https://unityhealth.to/about-unity-health/about-unity-health-toronto/leadership/,div_classes,NA
TORONTO UNITY HEALTH TORONTO,980,Teaching Hospital,Dr. Najma Ahmed,NA,"EVP, Chief Medical Officer (Interim)",2025-11-23,scraped,https://unityhealth.to/about-unity-health/about-unity-health-toronto/leadership/,div_classes,NA
TORONTO UNITY HEALTH TORONTO,980,Teaching Hospital,Beverly Bulmer,NA,"VP Education, Quality and Patient Experience",2025-11-23,scraped,https://unityhealth.to/about-unity-health/about-unity-health-toronto/leadership/,div_classes,NA
TORONTO UNITY HEALTH TORONTO,980,Teaching Hospital,Sonya Canzian,NA,"Executive Vice President, Clinical Operations Officer and Chief Nursing and Health Disciplines Executive",2025-11-23,scraped,https://unityhealth.to/about-unity-health/about-unity-health-toronto/leadership/,div_classes,title_length_warning
TORONTO UNITY HEALTH TORONTO,980,Teaching Hospital,Melanie de Wit,NA,"VP, Strategy, Partnerships, Risk & Chief Legal Officer",2025-11-23,scraped,https://unityhealth.to/about-unity-health/about-unity-health-toronto/leadership/,div_classes,NA
TORONTO UNITY HEALTH TORONTO,980,Teaching Hospital,Dr. Irfan Dhalla,NA,VP Clinical Programs & Equity,2025-11-23,scraped,https://unityhealth.to/about-unity-health/about-unity-health-toronto/leadership/,div_classes,NA
TORONTO UNITY HEALTH TORONTO,980,Teaching Hospital,Sabrina Divell,NA,"VP Government, Stakeholder Relations & Chief Communications Officer",2025-11-23,scraped,https://unityhealth.to/about-unity-health/about-unity-health-toronto/leadership/,div_classes,NA
TORONTO UNITY HEALTH TORONTO,980,Teaching Hospital,Brian Edmonds,NA,Chief Financial Officer (Interim),2025-11-23,scraped,https://unityhealth.to/about-unity-health/about-unity-health-toronto/leadership/,div_classes,NA
TORONTO UNITY HEALTH TORONTO,980,Teaching Hospital,Jonathan Fetros,NA,"VP, Clinical Programs",2025-11-23,scraped,https://unityhealth.to/about-unity-health/about-unity-health-toronto/leadership/,div_classes,NA
TORONTO UNITY HEALTH TORONTO,980,Teaching Hospital,Damian Jankowicz,NA,"Executive Vice President, Chief Information & Chief AI Officer",2025-11-23,scraped,https://unityhealth.to/about-unity-health/about-unity-health-toronto/leadership/,div_classes,NA
TORONTO UNITY HEALTH TORONTO,980,Teaching Hospital,Michael Keen,NA,VP of Facilities and Planning,2025-11-23,scraped,https://unityhealth.to/about-unity-health/about-unity-health-toronto/leadership/,div_classes,NA
TORONTO UNITY HEALTH TORONTO,980,Teaching Hospital,Manson Locke,NA,"VP, People, Mission, Culture & Chief Human Resources Officer",2025-11-23,scraped,https://unityhealth.to/about-unity-health/about-unity-health-toronto/leadership/,div_classes,NA
TORONTO UNITY HEALTH TORONTO,980,Teaching Hospital,Dr. Filomena Meffe,NA,Chair of the Medical Advisory Committee,2025-11-23,scraped,https://unityhealth.to/about-unity-health/about-unity-health-toronto/leadership/,div_classes,NA
TORONTO UNITY HEALTH TORONTO,980,Teaching Hospital,Dr. Ori D. Rotstein,NA,VP of Research and Innovation,2025-11-23,scraped,https://unityhealth.to/about-unity-health/about-unity-health-toronto/leadership/,div_classes,NA
TORONTO UNITY HEALTH TORONTO,980,Teaching Hospital,Trixie Williams,NA,"VP, Clinical Programs",2025-11-23,scraped,https://unityhealth.to/about-unity-health/about-unity-health-toronto/leadership/,div_classes,NA
KINGSTON KINGSTON HEALTH SCIENCES,978,Teaching Hospital,Dr. David Pichora,NA,President and Chief Executive Officer,2025-11-23,scraped,https://kingstonhsc.ca/about-khsc/senior-leadership-team,div_classes,NA
KINGSTON KINGSTON HEALTH SCIENCES,978,Teaching Hospital,Dr. Michael Fitzpatrick,NA,Chief of Staff & Executive Vice President Medical and Academic Affairs,2025-11-23,scraped,https://kingstonhsc.ca/about-khsc/senior-leadership-team,div_classes,NA
KINGSTON KINGSTON HEALTH SCIENCES,978,Teaching Hospital,Dr. Renate Ilse,NA,Chief Operating Officer (COO) Executive Vice-President (EVP) of Corporate Services,2025-11-23,scraped,https://kingstonhsc.ca/about-khsc/senior-leadership-team,div_classes,NA
KINGSTON KINGSTON HEALTH SCIENCES,978,Teaching Hospital,Jason Hann,NA,"Executive Vice President, Patient Care & Chief Nursing Executive and Regional Vice President, Cancer Care, Ontario Health (Cancer Care Ontario)",2025-11-23,scraped,https://kingstonhsc.ca/about-khsc/senior-leadership-team,div_classes,title_length_warning
KINGSTON KINGSTON HEALTH SCIENCES,978,Teaching Hospital,Nick Anand,NA,"Vice President of Planning, Facilities and Redevelopment",2025-11-23,scraped,https://kingstonhsc.ca/about-khsc/senior-leadership-team,div_classes,NA
KINGSTON KINGSTON HEALTH SCIENCES,978,Teaching Hospital,Dr. Steve Smith,NA,"Vice President, Health Sciences Research, CEO KHSCRI",2025-11-23,scraped,https://kingstonhsc.ca/about-khsc/senior-leadership-team,div_classes,NA
KINGSTON KINGSTON HEALTH SCIENCES,978,Teaching Hospital,Mary Lou Toop,NA,Vice-President & Chief Financial Officer,2025-11-23,scraped,https://kingstonhsc.ca/about-khsc/senior-leadership-team,div_classes,NA
KINGSTON KINGSTON HEALTH SCIENCES,978,Teaching Hospital,Christopher Gillies,NA,Vice President Medical & Academic Affairs,2025-11-23,scraped,https://kingstonhsc.ca/about-khsc/senior-leadership-team,div_classes,NA
KINGSTON KINGSTON HEALTH SCIENCES,978,Teaching Hospital,Valerie Gamache-O'Leary,NA,Vice President and Chief Information Officer,2025-11-23,scraped,https://kingstonhsc.ca/about-khsc/senior-leadership-team,div_classes,NA
KINGSTON KINGSTON HEALTH SCIENCES,978,Teaching Hospital,Indira Naraine,NA,"Vice President - People, Mission & Values, and Chief Human Resources Officer (CHRO)",2025-11-23,scraped,https://kingstonhsc.ca/about-khsc/senior-leadership-team,div_classes,NA
KINGSTON KINGSTON HEALTH SCIENCES,978,Teaching Hospital,Tom Zsolnay,NA,"President and CEO, University Hospitals Kingston Foundation",2025-11-23,scraped,https://kingstonhsc.ca/about-khsc/senior-leadership-team,div_classes,NA
TERRACE BAY NORTH OF SUPERIOR HC,977,Small Hospital,Dr. Sayali Tadwalkar,NA,Chief of Staff,2025-11-23,scraped,https://www.nosh.ca/board-of-directors,table_rows,NA
TERRACE BAY NORTH OF SUPERIOR HC,977,Small Hospital,Dr. Lindsay McLeod,NA,Associate Chief of Staff,2025-11-23,scraped,https://www.nosh.ca/board-of-directors,table_rows,NA
TERRACE BAY NORTH OF SUPERIOR HC,977,Small Hospital,Adam Brown,NA,Chief Executive Officer,2025-11-23,scraped,https://www.nosh.ca/board-of-directors,table_rows,NA
TERRACE BAY NORTH OF SUPERIOR HC,977,Small Hospital,Bonnie-Anne Ray,NA,Chief Nursing Officer,2025-11-23,scraped,https://www.nosh.ca/board-of-directors,table_rows,NA
MOOSE FACTORY WEENEEBAYKO AREA,973,Small Hospital,Lynne Innes,NA,President and Chief Executive Officer,2025-11-23,scraped,https://www.waha.ca/about/executive/,h2_name_p_title,NA
MOOSE FACTORY WEENEEBAYKO AREA,973,Small Hospital,Jack Hutchison,NA,Senior Vice President and Chief Operating Officer,2025-11-23,scraped,https://www.waha.ca/about/executive/,h2_name_p_title,NA
MOOSE FACTORY WEENEEBAYKO AREA,973,Small Hospital,Dr. Elaine Innes,NA,Chief of Staff,2025-11-23,scraped,https://www.waha.ca/about/executive/,h2_name_p_title,NA
MOOSE FACTORY WEENEEBAYKO AREA,973,Small Hospital,Sandra Kioke,NA,Senior Vice President and Chief Nurse Executive,2025-11-23,scraped,https://www.waha.ca/about/executive/,h2_name_p_title,NA
MOOSE FACTORY WEENEEBAYKO AREA,973,Small Hospital,"Ian S. Spencer, GSC, CET",NA,"Executive Director, Capital Projects and Redevelopment",2025-11-23,scraped,https://www.waha.ca/about/executive/,h2_name_p_title,NA
MOOSE FACTORY WEENEEBAYKO AREA,973,Small Hospital,Dr. Katherine Turner,NA,"President, Medical Staff Association",2025-11-23,scraped,https://www.waha.ca/about/executive/,h2_name_p_title,NA
PENETANGUISHENE WAYPOINT,972,Specialty Mental Health Hospital,Dr. Nadiya Sunderji,NA,President and Chief Executive Officer,2025-11-23,scraped,https://www.waypointcentre.ca/about-waypoint/leadership#our-senior-leadership-team,div_classes,NA
PENETANGUISHENE WAYPOINT,972,Specialty Mental Health Hospital,Rob Desroches,NA,"Senior Vice-President, Clinical Services and Chief Nursing Executive",2025-11-23,scraped,https://www.waypointcentre.ca/about-waypoint/leadership#our-senior-leadership-team,div_classes,NA
PENETANGUISHENE WAYPOINT,972,Specialty Mental Health Hospital,Rohit Tandon,NA,"Vice-President, Corporate Services and Chief Financial Officer",2025-11-23,scraped,https://www.waypointcentre.ca/about-waypoint/leadership#our-senior-leadership-team,div_classes,NA
PENETANGUISHENE WAYPOINT,972,Specialty Mental Health Hospital,Dr. Kevin Young,NA,"Vice-President, Medical Affairs and Chief of Staff",2025-11-23,scraped,https://www.waypointcentre.ca/about-waypoint/leadership#our-senior-leadership-team,div_classes,NA
PENETANGUISHENE WAYPOINT,972,Specialty Mental Health Hospital,Dr. Bernard Le Foll,NA,"Vice-President, Research and Academics and Chief Scientific Officer",2025-11-23,scraped,https://www.waypointcentre.ca/about-waypoint/leadership#our-senior-leadership-team,div_classes,NA
PENETANGUISHENE WAYPOINT,972,Specialty Mental Health Hospital,Neil Walker,NA,"Vice-President, Partnerships and Chief Strategy Officer (Interim)",2025-11-23,scraped,https://www.waypointcentre.ca/about-waypoint/leadership#our-senior-leadership-team,div_classes,NA
PENETANGUISHENE WAYPOINT,972,Specialty Mental Health Hospital,Nicole Mace,NA,"VP, People & Chief Human Resources Officer",2025-11-23,scraped,https://www.waypointcentre.ca/about-waypoint/leadership#our-senior-leadership-team,div_classes,NA
PENETANGUISHENE WAYPOINT,972,Specialty Mental Health Hospital,Stella Johnson,NA,"Vice President, Integrated Health Delivery Systems and Chief Clinical Supports Officer",2025-11-23,scraped,https://www.waypointcentre.ca/about-waypoint/leadership#our-senior-leadership-team,div_classes,NA
PENETANGUISHENE WAYPOINT,972,Specialty Mental Health Hospital,Amy Timmons,NA,"Deputy Chief Financial Officer and Assistant Vice President, Corporate Services",2025-11-23,scraped,https://www.waypointcentre.ca/about-waypoint/leadership#our-senior-leadership-team,div_classes,NA
PENETANGUISHENE WAYPOINT,972,Specialty Mental Health Hospital,Chad Draper,NA,"Assistant Vice President, Clinical Services (Interim)",2025-11-23,scraped,https://www.waypointcentre.ca/about-waypoint/leadership#our-senior-leadership-team,div_classes,NA
PENETANGUISHENE WAYPOINT,972,Specialty Mental Health Hospital,Yaakov Keilikhis,NA,"Assistant Vice-President, Patient Experience, Quality and Professional Practice (Interim)",2025-11-23,scraped,https://www.waypointcentre.ca/about-waypoint/leadership#our-senior-leadership-team,div_classes,NA
SUDBURY ST.JOSEPHS CONTINUING CARE,971,Small Hospital,NA,NA,NA,2025-11-23,robotstxt_blocked,https://www.sjsudbury.com/index.php/st-josephs-health-centre/our-leaders-sjhc/,combined_h2,NA
WHITBY ONT SHORES CENTRE MH SCIENCE,969,Specialty Mental Health Hospital,Dr. Daniel Mueller,NA,Physician-in-Chief and Research Chair of Personalized Medicine and Personalized Mental Health Care,2025-11-23,scraped,https://www.ontarioshores.ca/aboutus/leadership,div_classes,NA
WHITBY ONT SHORES CENTRE MH SCIENCE,969,Specialty Mental Health Hospital,Vincci Tang,NA,"Executive Vice-President, Finance and Support Services, Chief Financial Officer and Chief Information Officer",2025-11-23,scraped,https://www.ontarioshores.ca/aboutus/leadership,div_classes,title_length_warning
WHITBY ONT SHORES CENTRE MH SCIENCE,969,Specialty Mental Health Hospital,John Chen,NA,President and CEO,2025-11-23,scraped,https://www.ontarioshores.ca/aboutus/leadership,div_classes,NA
WHITBY ONT SHORES CENTRE MH SCIENCE,969,Specialty Mental Health Hospital,Dr. Philip E. Klassen,NA,"Vice-President, Medical Affairs and Research",2025-11-23,scraped,https://www.ontarioshores.ca/aboutus/leadership,div_classes,NA
WHITBY ONT SHORES CENTRE MH SCIENCE,969,Specialty Mental Health Hospital,Andrea Marshall,NA,"Vice-President, Communications, Culture and Engagement",2025-11-23,scraped,https://www.ontarioshores.ca/aboutus/leadership,div_classes,NA
WHITBY ONT SHORES CENTRE MH SCIENCE,969,Specialty Mental Health Hospital,Sanaz Riahi,NA,"Executive Vice-President, Transformation, Clinical Services and Chief Nursing Executive",2025-11-23,scraped,https://www.ontarioshores.ca/aboutus/leadership,div_classes,NA
SIOUX LOOKOUT MENO-YA-WIN HC,964,Small Hospital,Dean Osmond,NA,President and CEO,2025-11-23,scraped,https://slmhc.on.ca/about/senior-executive-team/,combined_h2,NA
SIOUX LOOKOUT MENO-YA-WIN HC,964,Small Hospital,Ramona Quequish,NA,Vice President of Corporate Services & Chief Operating Officer (COO),2025-11-23,scraped,https://slmhc.on.ca/about/senior-executive-team/,combined_h2,NA
SIOUX LOOKOUT MENO-YA-WIN HC,964,Small Hospital,Kathy Loon,NA,"Vice President of Indigenous Services, Diversity, Equity and Inclusion",2025-11-23,scraped,https://slmhc.on.ca/about/senior-executive-team/,combined_h2,NA
SIOUX LOOKOUT MENO-YA-WIN HC,964,Small Hospital,Cynthia Dwyer,NA,Vice President of Health Services & Chief Nursing Executive (CNE),2025-11-23,scraped,https://slmhc.on.ca/about/senior-executive-team/,combined_h2,NA
SIOUX LOOKOUT MENO-YA-WIN HC,964,Small Hospital,Joseph Dooley,NA,Chief of Staff,2025-11-23,scraped,https://slmhc.on.ca/about/senior-executive-team/,combined_h2,NA
SIOUX LOOKOUT MENO-YA-WIN HC,964,Small Hospital,Kevin Holder,NA,Chief Financial Officer,2025-11-23,scraped,https://slmhc.on.ca/about/senior-executive-team/,combined_h2,NA
MOUNT FOREST NORTH WELLINGTON HC,963,Small Hospital,Dr. Matthew Westendorp,NA,"Ex-Officio, Chief of Staff",2025-11-23,scraped,https://gmch.whca.ca/board-of-directors,combined_h2,NA
MOUNT FOREST NORTH WELLINGTON HC,963,Small Hospital,Dr. Morgan Kwiatkowski,NA,"Ex-Officio, President of Professional Staff Association",2025-11-23,scraped,https://gmch.whca.ca/board-of-directors,combined_h2,NA
MOUNT FOREST NORTH WELLINGTON HC,963,Small Hospital,Angela Stanley,NA,President & CEO,2025-11-23,scraped,https://gmch.whca.ca/board-of-directors,combined_h2,NA
MOUNT FOREST NORTH WELLINGTON HC,963,Small Hospital,Matt Smith,NA,"VP, Quality, Clinical Services & CNE",2025-11-23,scraped,https://gmch.whca.ca/board-of-directors,combined_h2,NA
OTTAWA HEART INSTITUTE,961,Teaching Hospital,Rob Beanlands,"MD, FRCPC","President and CEO, University of Ottawa Heart Institute",2025-11-23,scraped,https://www.ottawaheart.ca/who-we-are/governance-and-leadership/our-management-team,h2_name_p_title,NA
OTTAWA HEART INSTITUTE,961,Teaching Hospital,"David Birnie (Hons), MB ChB, MRCP(UK)","BSc, MD","Division Head, CardiologyUniversity of Ottawa Heart InstituteTier 1 Clinical Research Chair, University of Ottawa",2025-11-23,scraped,https://www.ottawaheart.ca/who-we-are/governance-and-leadership/our-management-team,h2_name_p_title,title_length_warning
OTTAWA HEART INSTITUTE,961,Teaching Hospital,Katey Rayner,PhD,"Chief Scientific OfficerVice President, Research",2025-11-23,scraped,https://www.ottawaheart.ca/who-we-are/governance-and-leadership/our-management-team,h2_name_p_title,NA
OTTAWA HEART INSTITUTE,961,Teaching Hospital,Pierre Voisine,"MD, FRCSC","Division Head, Cardiac Surgery",2025-11-23,scraped,https://www.ottawaheart.ca/who-we-are/governance-and-leadership/our-management-team,h2_name_p_title,NA
OTTAWA HEART INSTITUTE,961,Teaching Hospital,"Bonnie Bowes, MHScN","RN, BScN","Vice President, Quality, Risk and Health InformationChief Nursing Officer",2025-11-23,scraped,https://www.ottawaheart.ca/who-we-are/governance-and-leadership/our-management-team,h2_name_p_title,NA
OTTAWA HEART INSTITUTE,961,Teaching Hospital,Diana Burns,"CPA, CA","Senior Vice President, Finance and AdministrationChief Financial Officer",2025-11-23,scraped,https://www.ottawaheart.ca/who-we-are/governance-and-leadership/our-management-team,h2_name_p_title,NA
OTTAWA HEART INSTITUTE,961,Teaching Hospital,Jennifer Kuss,NA,"Vice President, Public Affairs, StrategyChief Communications Officer",2025-11-23,scraped,https://www.ottawaheart.ca/who-we-are/governance-and-leadership/our-management-team,h2_name_p_title,NA
OTTAWA HEART INSTITUTE,961,Teaching Hospital,Lianne Laing,NA,"President, UOHI FoundationVice President, PhilanthropyChief Advancement Officer",2025-11-23,scraped,https://www.ottawaheart.ca/who-we-are/governance-and-leadership/our-management-team,h2_name_p_title,NA
OTTAWA HEART INSTITUTE,961,Teaching Hospital,"Timothy Zakutney, MHSc, CCE, FCMBES",PEng,"Senior Vice President, Digital Health and Cardiac TechnologyChief Information and Technology Officer",2025-11-23,scraped,https://www.ottawaheart.ca/who-we-are/governance-and-leadership/our-management-team,h2_name_p_title,NA
OTTAWA HEART INSTITUTE,961,Teaching Hospital,Katey Rayner,PhD,"Chief Scientific Officer  Vice President, Research",2025-11-23,scraped,https://www.ottawaheart.ca/who-we-are/governance-and-leadership/our-management-team,h2_name_p_title,NA
OTTAWA HEART INSTITUTE,961,Teaching Hospital,Bernard McDonald,"MD, PhD, FRCPC","Division Head, Cardiac Anesthesiology University of Ottawa Heart Institute Assistant Professor, University of Ottawa",2025-11-23,scraped,https://www.ottawaheart.ca/who-we-are/governance-and-leadership/our-management-team,h2_name_p_title,title_length_warning
OTTAWA HEART INSTITUTE,961,Teaching Hospital,"Erika MacPhee, MHScN",RN,"Vice President, Clinical Operations",2025-11-23,scraped,https://www.ottawaheart.ca/who-we-are/governance-and-leadership/our-management-team,h2_name_p_title,NA
SUDBURY HEALTH SCIENCES NORTH,959,Teaching Hospital,David McNeil,NA,President & CEO,2025-11-23,scraped,https://hsnsudbury.ca/en/About-Us/Leadership-at-HSN/Senior-Management-Team,h2_name_p_title,NA
SUDBURY HEALTH SCIENCES NORTH,959,Teaching Hospital,Dr. Pankaj Bhatia,NA,Chief of Staff,2025-11-23,scraped,https://hsnsudbury.ca/en/About-Us/Leadership-at-HSN/Senior-Management-Team,h2_name_p_title,NA
SUDBURY HEALTH SCIENCES NORTH,959,Teaching Hospital,Jessica Diplock,NA,"Vice-President, People and Culture",2025-11-23,scraped,https://hsnsudbury.ca/en/About-Us/Leadership-at-HSN/Senior-Management-Team,h2_name_p_title,NA
SUDBURY HEALTH SCIENCES NORTH,959,Teaching Hospital,Mark Hartman,NA,"Interim Vice-President, Infrastructure and Redevelopment",2025-11-23,scraped,https://hsnsudbury.ca/en/About-Us/Leadership-at-HSN/Senior-Management-Team,h2_name_p_title,NA
SUDBURY HEALTH SCIENCES NORTH,959,Teaching Hospital,Anthony Keating,NA,"President and CEO, HSN Foundation",2025-11-23,scraped,https://hsnsudbury.ca/en/About-Us/Leadership-at-HSN/Senior-Management-Team,h2_name_p_title,NA
SUDBURY HEALTH SCIENCES NORTH,959,Teaching Hospital,Dr. Robert Ohle,NA,"Vice-President, Academic and Research Impact",2025-11-23,scraped,https://hsnsudbury.ca/en/About-Us/Leadership-at-HSN/Senior-Management-Team,h2_name_p_title,NA
SUDBURY HEALTH SCIENCES NORTH,959,Teaching Hospital,Lisa Smith,NA,"Vice-President, Medicine and Chief Nursing Executive",2025-11-23,scraped,https://hsnsudbury.ca/en/About-Us/Leadership-at-HSN/Senior-Management-Team,h2_name_p_title,NA
SUDBURY HEALTH SCIENCES NORTH,959,Teaching Hospital,Debbie McQuarrie,NA,Interim Chief Financial Officer,2025-11-23,scraped,https://hsnsudbury.ca/en/About-Us/Leadership-at-HSN/Senior-Management-Team,h2_name_p_title,NA
SUDBURY HEALTH SCIENCES NORTH,959,Teaching Hospital,Steve Volpini,NA,Chief Information and Privacy Officer,2025-11-23,scraped,https://hsnsudbury.ca/en/About-Us/Leadership-at-HSN/Senior-Management-Team,h2_name_p_title,NA
SUDBURY HEALTH SCIENCES NORTH,959,Teaching Hospital,Stephanie Winn,NA,"Regional Vice-President, Cancer Care and Vice-President, Surgery, Medical Imaging and Indigenous Health",2025-11-23,scraped,https://hsnsudbury.ca/en/About-Us/Leadership-at-HSN/Senior-Management-Team,h2_name_p_title,title_length_warning
OTTAWA THE OTTAWA HOSPITAL,958,Teaching Hospital,Cameron Love,NA,President and CEO,2025-11-23,scraped,https://www.ottawahospital.on.ca/en/about-us/our-leadership-team/senior-management-team/,h2_name_p_title,NA
OTTAWA THE OTTAWA HOSPITAL,958,Teaching Hospital,Dr. Virginia Roth,NA,Chief of Staff,2025-11-23,scraped,https://www.ottawahospital.on.ca/en/about-us/our-leadership-team/senior-management-team/,h2_name_p_title,NA
OTTAWA THE OTTAWA HOSPITAL,958,Teaching Hospital,Dr. Dave Neilipovitz,NA,"Head, Department of Anesthesiology and Pain Medicine",2025-11-23,scraped,https://www.ottawahospital.on.ca/en/about-us/our-leadership-team/senior-management-team/,h2_name_p_title,NA
OTTAWA THE OTTAWA HOSPITAL,958,Teaching Hospital,Dr. David Maberley,NA,"Head, Department of Ophthalmology",2025-11-23,scraped,https://www.ottawahospital.on.ca/en/about-us/our-leadership-team/senior-management-team/,h2_name_p_title,NA
OTTAWA THE OTTAWA HOSPITAL,958,Teaching Hospital,Dr. David Schramm,NA,"Head, Department of Otolaryngology / Head and Neck Surgery",2025-11-23,scraped,https://www.ottawahospital.on.ca/en/about-us/our-leadership-team/senior-management-team/,h2_name_p_title,NA
OTTAWA THE OTTAWA HOSPITAL,958,Teaching Hospital,Dianne Scharf,NA,"Internal Auditor & Director, Audit, Risk, and Controls",2025-11-23,scraped,https://www.ottawahospital.on.ca/en/about-us/our-leadership-team/senior-management-team/,h2_name_p_title,NA
OTTAWA THE OTTAWA HOSPITAL,958,Teaching Hospital,Dr. Rebecca Auer,NA,"CEO & Scientific Director, OHRI and Executive Vice-President, Research and Innovation, TOH",2025-11-23,scraped,https://www.ottawahospital.on.ca/en/about-us/our-leadership-team/senior-management-team/,h2_name_p_title,NA
OTTAWA THE OTTAWA HOSPITAL,958,Teaching Hospital,Dr. Gregory Knoll,NA,"Head, Department of Medicine",2025-11-23,scraped,https://www.ottawahospital.on.ca/en/about-us/our-leadership-team/senior-management-team/,h2_name_p_title,NA
OTTAWA THE OTTAWA HOSPITAL,958,Teaching Hospital,Dr. Jeff Perry,NA,"Interim Head, Department of Emergency Medicine",2025-11-23,scraped,https://www.ottawahospital.on.ca/en/about-us/our-leadership-team/senior-management-team/,h2_name_p_title,NA
OTTAWA THE OTTAWA HOSPITAL,958,Teaching Hospital,Honorata Bittner,NA,Executive Vice-President and Chief Strategy and People Officer,2025-11-23,scraped,https://www.ottawahospital.on.ca/en/about-us/our-leadership-team/senior-management-team/,h2_name_p_title,NA
OTTAWA THE OTTAWA HOSPITAL,958,Teaching Hospital,Dr. Jess Fiedorowicz,NA,"Head, Department of Mental Health",2025-11-23,scraped,https://www.ottawahospital.on.ca/en/about-us/our-leadership-team/senior-management-team/,h2_name_p_title,NA
OTTAWA THE OTTAWA HOSPITAL,958,Teaching Hospital,Joanne Read,NA,Executive Vice-President and Chief Planning and Development Officer,2025-11-23,scraped,https://www.ottawahospital.on.ca/en/about-us/our-leadership-team/senior-management-team/,h2_name_p_title,NA
OTTAWA THE OTTAWA HOSPITAL,958,Teaching Hospital,Dr. Madeleine Montpetit,NA,"Head, Department of Family Medicine",2025-11-23,scraped,https://www.ottawahospital.on.ca/en/about-us/our-leadership-team/senior-management-team/,h2_name_p_title,NA
OTTAWA THE OTTAWA HOSPITAL,958,Teaching Hospital,Dr. Kathleen Gartke,NA,Senior Medical Officer,2025-11-23,scraped,https://www.ottawahospital.on.ca/en/about-us/our-leadership-team/senior-management-team/,h2_name_p_title,NA
OTTAWA THE OTTAWA HOSPITAL,958,Teaching Hospital,Dr. Kwadwo Kyeremanteng,NA,"Head, Department of Critical Care",2025-11-23,scraped,https://www.ottawahospital.on.ca/en/about-us/our-leadership-team/senior-management-team/,h2_name_p_title,NA
OTTAWA THE OTTAWA HOSPITAL,958,Teaching Hospital,Melanie Gruer,NA,Chief Communications Officer,2025-11-23,scraped,https://www.ottawahospital.on.ca/en/about-us/our-leadership-team/senior-management-team/,h2_name_p_title,NA
OTTAWA THE OTTAWA HOSPITAL,958,Teaching Hospital,Dr Jason R. Frank,NA,"Interim Vice-President, Medical Education, TOH",2025-11-23,scraped,https://www.ottawahospital.on.ca/en/about-us/our-leadership-team/senior-management-team/,h2_name_p_title,NA
OTTAWA THE OTTAWA HOSPITAL,958,Teaching Hospital,Nathalie Cadieux,NA,Executive Vice President and Chief Financial Officer,2025-11-23,scraped,https://www.ottawahospital.on.ca/en/about-us/our-leadership-team/senior-management-team/,h2_name_p_title,NA
OTTAWA THE OTTAWA HOSPITAL,958,Teaching Hospital,Dr Carole Dennie,NA,"Head, Department of Medical Imaging",2025-11-23,scraped,https://www.ottawahospital.on.ca/en/about-us/our-leadership-team/senior-management-team/,h2_name_p_title,NA
OTTAWA THE OTTAWA HOSPITAL,958,Teaching Hospital,Glen Kearns,NA,Executive Vice-President and Chief Digital Officer,2025-11-23,scraped,https://www.ottawahospital.on.ca/en/about-us/our-leadership-team/senior-management-team/,h2_name_p_title,NA
OTTAWA THE OTTAWA HOSPITAL,958,Teaching Hospital,Dr. Fady Balaa,NA,"Chair, Department of Surgery",2025-11-23,scraped,https://www.ottawahospital.on.ca/en/about-us/our-leadership-team/senior-management-team/,h2_name_p_title,NA
OTTAWA THE OTTAWA HOSPITAL,958,Teaching Hospital,Dr. Sukhbir Singh (Sony),NA,"Head, Department of Obstetrics, Gynecology & Newborn Care",2025-11-23,scraped,https://www.ottawahospital.on.ca/en/about-us/our-leadership-team/senior-management-team/,h2_name_p_title,NA
OTTAWA THE OTTAWA HOSPITAL,958,Teaching Hospital,Reece D. Bearnes,NA,"Executive Vice-President, Clinical Programs and Regional Vice-President, Cancer",2025-11-23,scraped,https://www.ottawahospital.on.ca/en/about-us/our-leadership-team/senior-management-team/,h2_name_p_title,NA
OTTAWA THE OTTAWA HOSPITAL,958,Teaching Hospital,Tim Kluke,NA,"President and CEO, The Ottawa Hospital Foundation",2025-11-23,scraped,https://www.ottawahospital.on.ca/en/about-us/our-leadership-team/senior-management-team/,h2_name_p_title,NA
OTTAWA THE OTTAWA HOSPITAL,958,Teaching Hospital,Dr. Vidhya Nair,"MBBS, MD, FRCPC","Department Head, Pathology and Laboratory Medicine",2025-11-23,scraped,https://www.ottawahospital.on.ca/en/about-us/our-leadership-team/senior-management-team/,h2_name_p_title,NA
TORONTO ADDICTION & MENTAL HEALTH,948,Specialty Mental Health Hospital,Addressing Stigma,NA,"Challenging the stigma associated with mental illness takes understanding, education and a closer look at our own attitudes toward health.",2025-11-23,scraped,https://www.camh.ca/en/driving-change/about-camh/leadership-team-directory?facets=filter_tags:B1EC0C85877A430C82780319BF2F0774,h2_name_p_title,title_length_warning
TORONTO ADDICTION & MENTAL HEALTH,948,Specialty Mental Health Hospital,Sarah Downey,NA,"President and Chief Executive Officer, CAMH",2025-11-23,scraped,https://www.camh.ca/en/driving-change/about-camh/leadership-team-directory?facets=filter_tags:B1EC0C85877A430C82780319BF2F0774,h2_name_p_title,NA
TORONTO ADDICTION & MENTAL HEALTH,948,Specialty Mental Health Hospital,Noelle Coombe,NA,"Vice President, Digital Health & Chief Information Officer",2025-11-23,scraped,https://www.camh.ca/en/driving-change/about-camh/leadership-team-directory?facets=filter_tags:B1EC0C85877A430C82780319BF2F0774,h2_name_p_title,NA
TORONTO ADDICTION & MENTAL HEALTH,948,Specialty Mental Health Hospital,David Cunic,NA,"Vice President, Redevelopment, CAMH",2025-11-23,scraped,https://www.camh.ca/en/driving-change/about-camh/leadership-team-directory?facets=filter_tags:B1EC0C85877A430C82780319BF2F0774,h2_name_p_title,NA
TORONTO ADDICTION & MENTAL HEALTH,948,Specialty Mental Health Hospital,Bessy Leung,NA,"Vice President, Corporate Services and Chief Financial Officer, CAMH",2025-11-23,scraped,https://www.camh.ca/en/driving-change/about-camh/leadership-team-directory?facets=filter_tags:B1EC0C85877A430C82780319BF2F0774,h2_name_p_title,NA
TORONTO ADDICTION & MENTAL HEALTH,948,Specialty Mental Health Hospital,Myfanwy Marshall,NA,"Vice President, People and Experience",2025-11-23,scraped,https://www.camh.ca/en/driving-change/about-camh/leadership-team-directory?facets=filter_tags:B1EC0C85877A430C82780319BF2F0774,h2_name_p_title,NA
TORONTO ADDICTION & MENTAL HEALTH,948,Specialty Mental Health Hospital,Dionne Sinclair,NA,"Vice President, Clinical Operations & Chief Nursing Executive , CAMH",2025-11-23,scraped,https://www.camh.ca/en/driving-change/about-camh/leadership-team-directory?facets=filter_tags:B1EC0C85877A430C82780319BF2F0774,h2_name_p_title,NA
TORONTO ADDICTION & MENTAL HEALTH,948,Specialty Mental Health Hospital,Dr. Sanjeev Sockalingam,NA,"Senior Vice President, Education and Chief Medical Officer, CAMH; Director, CAMH Foundation Board",2025-11-23,scraped,https://www.camh.ca/en/driving-change/about-camh/leadership-team-directory?facets=filter_tags:B1EC0C85877A430C82780319BF2F0774,h2_name_p_title,NA
TORONTO ADDICTION & MENTAL HEALTH,948,Specialty Mental Health Hospital,Lori Spadorcia,NA,"Senior Vice President, Public Affairs, Partnerships and Chief Strategy Officer, CAMH",2025-11-23,scraped,https://www.camh.ca/en/driving-change/about-camh/leadership-team-directory?facets=filter_tags:B1EC0C85877A430C82780319BF2F0774,h2_name_p_title,NA
TORONTO ADDICTION & MENTAL HEALTH,948,Specialty Mental Health Hospital,Dr. Aristotle Voineskos,NA,"Senior Vice President, Research and Science; Director, Campbell Family Mental Health Research Institute; Director, CAMH Foundation Board, CAMH",2025-11-23,scraped,https://www.camh.ca/en/driving-change/about-camh/leadership-team-directory?facets=filter_tags:B1EC0C85877A430C82780319BF2F0774,h2_name_p_title,title_length_warning
KINCARDINE SOUTH BRUCE GREY,946,Small Hospital,Nancy Shaw,NA,President & Chief Executive Officer,2025-11-23,scraped,https://www.sbghc.on.ca/about-us/leadership-team/,p_with_bold_and_br,NA
KINCARDINE SOUTH BRUCE GREY,946,Small Hospital,Cara Singh,NA,Vice President of Patient Care /,2025-11-23,scraped,https://www.sbghc.on.ca/about-us/leadership-team/,p_with_bold_and_br,NA
KINCARDINE SOUTH BRUCE GREY,946,Small Hospital,Drew Braithwaite,NA,Vice President of Corporate Services /,2025-11-23,scraped,https://www.sbghc.on.ca/about-us/leadership-team/,p_with_bold_and_br,NA
KINCARDINE SOUTH BRUCE GREY,946,Small Hospital,Meghan Legge,NA,"Director, Quality & Engagement",2025-11-23,scraped,https://www.sbghc.on.ca/about-us/leadership-team/,p_with_bold_and_br,NA
KINCARDINE SOUTH BRUCE GREY,946,Small Hospital,Katie MacKenzie,NA,"Director, Finance",2025-11-23,scraped,https://www.sbghc.on.ca/about-us/leadership-team/,p_with_bold_and_br,NA
HAMILTON HEALTH SCIENCES CORP,942,Teaching Hospital,Tracey MacArthur,NA,President and CEO,2025-11-23,scraped,https://www.hamiltonhealthsciences.ca/about-us/our-organization/senior-leadership-team/,div_classes,NA
HAMILTON HEALTH SCIENCES CORP,942,Teaching Hospital,Dr. Stephen Kelly,NA,"Interim Executive Vice President (EVP), Academic and Chief Medical Executive (CME)",2025-11-23,scraped,https://www.hamiltonhealthsciences.ca/about-us/our-organization/senior-leadership-team/,div_classes,NA
HAMILTON HEALTH SCIENCES CORP,942,Teaching Hospital,Dr. Fayez Quereshy,NA,"Executive Vice President, Clinical and Site Lead, Hamilton General Hospital",2025-11-23,scraped,https://www.hamiltonhealthsciences.ca/about-us/our-organization/senior-leadership-team/,div_classes,NA
HAMILTON HEALTH SCIENCES CORP,942,Teaching Hospital,Hilary Rodrigues,NA,"Executive Vice President, Corporate Affairs, Chief Administrative and Financial Officer",2025-11-23,scraped,https://www.hamiltonhealthsciences.ca/about-us/our-organization/senior-leadership-team/,div_classes,NA
HAMILTON HEALTH SCIENCES CORP,942,Teaching Hospital,Hassan Asif,NA,"Interim Vice President, Health Information and Technology Services & Chief Information Officer",2025-11-23,scraped,https://www.hamiltonhealthsciences.ca/about-us/our-organization/senior-leadership-team/,div_classes,NA
HAMILTON HEALTH SCIENCES CORP,942,Teaching Hospital,Dr. Khalid Azzam,NA,Physician-in-Chief,2025-11-23,scraped,https://www.hamiltonhealthsciences.ca/about-us/our-organization/senior-leadership-team/,div_classes,NA
HAMILTON HEALTH SCIENCES CORP,942,Teaching Hospital,Kelly Campbell,NA,"Vice President, Corporate Services and Capital Development",2025-11-23,scraped,https://www.hamiltonhealthsciences.ca/about-us/our-organization/senior-leadership-team/,div_classes,NA
HAMILTON HEALTH SCIENCES CORP,942,Teaching Hospital,Dr. Matthew Denkers,NA,Interim Surgeon-in-Chief,2025-11-23,scraped,https://www.hamiltonhealthsciences.ca/about-us/our-organization/senior-leadership-team/,div_classes,NA
HAMILTON HEALTH SCIENCES CORP,942,Teaching Hospital,Tim Dietrich,NA,"Vice President, Quality and Performance",2025-11-23,scraped,https://www.hamiltonhealthsciences.ca/about-us/our-organization/senior-leadership-team/,div_classes,NA
HAMILTON HEALTH SCIENCES CORP,942,Teaching Hospital,Leslie Gillies,NA,"Vice President, Post Acute Care, Clinical Practice and Education, Chief Nursing Executive",2025-11-23,scraped,https://www.hamiltonhealthsciences.ca/about-us/our-organization/senior-leadership-team/,div_classes,NA
HAMILTON HEALTH SCIENCES CORP,942,Teaching Hospital,Anissa Hilborn,NA,"Hamilton Health Sciences Foundation, CEO",2025-11-23,scraped,https://www.hamiltonhealthsciences.ca/about-us/our-organization/senior-leadership-team/,div_classes,NA
HAMILTON HEALTH SCIENCES CORP,942,Teaching Hospital,Chris Hillis,NA,"Interim Vice President, Oncology and Site Executive, JHCC",2025-11-23,scraped,https://www.hamiltonhealthsciences.ca/about-us/our-organization/senior-leadership-team/,div_classes,NA
HAMILTON HEALTH SCIENCES CORP,942,Teaching Hospital,Dr. Marc Jeschke,NA,"Vice President, Research & Innovation, and Chief Scientific Officer",2025-11-23,scraped,https://www.hamiltonhealthsciences.ca/about-us/our-organization/senior-leadership-team/,div_classes,NA
HAMILTON HEALTH SCIENCES CORP,942,Teaching Hospital,Donna LaForce,NA,"Vice President, Strategy & Transformation, and Interim Vice President, Clinical Support Services & Surgery",2025-11-23,scraped,https://www.hamiltonhealthsciences.ca/about-us/our-organization/senior-leadership-team/,div_classes,title_length_warning
HAMILTON HEALTH SCIENCES CORP,942,Teaching Hospital,Aaron Levo,NA,"Vice President, People, Culture, & Communications",2025-11-23,scraped,https://www.hamiltonhealthsciences.ca/about-us/our-organization/senior-leadership-team/,div_classes,NA
HAMILTON HEALTH SCIENCES CORP,942,Teaching Hospital,Janet Ozembloski,NA,"Vice President, Legal Services & General Counsel",2025-11-23,scraped,https://www.hamiltonhealthsciences.ca/about-us/our-organization/senior-leadership-team/,div_classes,NA
HAMILTON HEALTH SCIENCES CORP,942,Teaching Hospital,Rochelle Reid,NA,"Senior Lead & Strategic Advisor, Equity, Diversity and Inclusion",2025-11-23,scraped,https://www.hamiltonhealthsciences.ca/about-us/our-organization/senior-leadership-team/,div_classes,NA
HAMILTON HEALTH SCIENCES CORP,942,Teaching Hospital,Bruce Squires,NA,"President, McMaster Children's Hospital | Vice President, Women's and Children's Health | Site Executive, West Lincoln Memorial Hospital",2025-11-23,scraped,https://www.hamiltonhealthsciences.ca/about-us/our-organization/senior-leadership-team/,div_classes,title_length_warning
DYSART ET AL HALIBURTON HEALTH SER,938,Small Hospital,Mayor Warden Liz Danielsen,NA,"Director, County Counsellor",2025-11-23,scraped,https://www.hhhs.ca/about/board,p_strong_combined,NA
DYSART ET AL HALIBURTON HEALTH SER,938,Small Hospital,Jennifer Burns-West,NA,Interim President & Chief Executive Officer & Board Secretary,2025-11-23,scraped,https://www.hhhs.ca/about/board,p_strong_combined,NA
DYSART ET AL HALIBURTON HEALTH SER,938,Small Hospital,Dr. Paul Faulkner,NA,Chief of Staff,2025-11-23,scraped,https://www.hhhs.ca/about/board,p_strong_combined,NA
DYSART ET AL HALIBURTON HEALTH SER,938,Small Hospital,Ulvi Iskhagi-Bayat,NA,Chief Financial Officer,2025-11-23,scraped,https://www.hhhs.ca/about/board,p_strong_combined,NA
DYSART ET AL HALIBURTON HEALTH SER,938,Small Hospital,Dr. Norm Bottum,NA,President of Medical Staff,2025-11-23,scraped,https://www.hhhs.ca/about/board,p_strong_combined,NA
LONDON HEALTH SCIENCES,936,Teaching Hospital,David Musyj,NA,Supervisor,2025-11-23,scraped,https://www.lhsc.on.ca/about-lhsc/executive-leadership-team,combined_h2,NA
LONDON HEALTH SCIENCES,936,Teaching Hospital,Dr. Adam Dukelow,NA,Integrated VP Medical & Academic Affairs,2025-11-23,scraped,https://www.lhsc.on.ca/about-lhsc/executive-leadership-team,combined_h2,NA
LONDON HEALTH SCIENCES,936,Teaching Hospital,Shannon Maier,NA,"VP Children's Hospital, Women's Care, Quality, Risk, and Pharmacy",2025-11-23,scraped,https://www.lhsc.on.ca/about-lhsc/executive-leadership-team,combined_h2,NA
LONDON HEALTH SCIENCES,936,Teaching Hospital,Julia Marchesan,NA,"VP Employee Experience, IPAC and Health Disciplines",2025-11-23,scraped,https://www.lhsc.on.ca/about-lhsc/executive-leadership-team,combined_h2,NA
LONDON HEALTH SCIENCES,936,Teaching Hospital,Dr. Chris McIntyre,NA,"Interim VP, Research, and LHSCRI Scientific Director",2025-11-23,scraped,https://www.lhsc.on.ca/about-lhsc/executive-leadership-team,combined_h2,NA
LONDON HEALTH SCIENCES,936,Teaching Hospital,Jerry Plastino,NA,"VP Surgery, Cardiac, Transplant, Medical Imaging and Biomedical Engineering",2025-11-23,scraped,https://www.lhsc.on.ca/about-lhsc/executive-leadership-team,combined_h2,NA
LONDON HEALTH SCIENCES,936,Teaching Hospital,Tammy Quigley,NA,"VP Cancer, Renal, Mental Health & Patient Flow",2025-11-23,scraped,https://www.lhsc.on.ca/about-lhsc/executive-leadership-team,combined_h2,NA
LONDON HEALTH SCIENCES,936,Teaching Hospital,Tania Testa,NA,VP Communications & Community Patient/Client Engagement​,2025-11-23,scraped,https://www.lhsc.on.ca/about-lhsc/executive-leadership-team,combined_h2,NA
LONDON HEALTH SCIENCES,936,Teaching Hospital,Nick Vlacholias,NA,"VP, Finance (CFO), Performance & PaLM and VP, Facilities and Support Services",2025-11-23,scraped,https://www.lhsc.on.ca/about-lhsc/executive-leadership-team,combined_h2,NA
LONDON HEALTH SCIENCES,936,Teaching Hospital,Deborah Wiseman,NA,"VP Medicine, Emergency Services, Critical Care, Clinical Neurological Sciences & CNE",2025-11-23,scraped,https://www.lhsc.on.ca/about-lhsc/executive-leadership-team,combined_h2,NA
LONDON HEALTH SCIENCES,936,Teaching Hospital,Dr. David Steven,NA,"Interim Chair, MAC",2025-11-23,scraped,https://www.lhsc.on.ca/about-lhsc/executive-leadership-team,combined_h2,NA
WINDSOR REGIONAL HOSPITAL,933,Large Community Hospital,Karen Riddell,NA,President & Chief Executive Officer,2025-11-23,manual_entry,https://www.wrh.on.ca/ExecutiveCommittee,manual_entry_required,NA
WINDSOR REGIONAL HOSPITAL,933,Large Community Hospital,Nicole Krywionek,NA,"Chief Nursing Executive and Vice President of Critical Care, Cardiology, Diagnostic Imaging, Respiratory Therapy, Patient Relations, Corporate Education and Training, and Professional Practice",2025-11-23,manual_entry,https://www.wrh.on.ca/ExecutiveCommittee,manual_entry_required,title_length_warning
WINDSOR REGIONAL HOSPITAL,933,Large Community Hospital,Dr. Wassim Saad,NA,Vice President of Medical Affairs and Chief of Staff,2025-11-23,manual_entry,https://www.wrh.on.ca/ExecutiveCommittee,manual_entry_required,NA
WINDSOR REGIONAL HOSPITAL,933,Large Community Hospital,Brandon Bailey,NA,Vice President of Redevelopment,2025-11-23,manual_entry,https://www.wrh.on.ca/ExecutiveCommittee,manual_entry_required,NA
WINDSOR REGIONAL HOSPITAL,933,Large Community Hospital,Todd Bested,NA,Vice President of People & Culture,2025-11-23,manual_entry,https://www.wrh.on.ca/ExecutiveCommittee,manual_entry_required,NA
WINDSOR REGIONAL HOSPITAL,933,Large Community Hospital,Kristi Cecile,NA,"Vice President of Medicine, Stroke Program, Access & Patient Flow, Allied Health, Pharmacy, IPAC and HIV Care Program",2025-11-23,manual_entry,https://www.wrh.on.ca/ExecutiveCommittee,manual_entry_required,title_length_warning
WINDSOR REGIONAL HOSPITAL,933,Large Community Hospital,Jonathan Foster,NA,"Vice President of Emergency, Trauma, Mental Health, Cancer Services & Renal",2025-11-23,manual_entry,https://www.wrh.on.ca/ExecutiveCommittee,manual_entry_required,NA
WINDSOR REGIONAL HOSPITAL,933,Large Community Hospital,Malissa Gauthier,NA,Vice President of Corporate and Laboratory Services & Chief Financial Officer,2025-11-23,manual_entry,https://www.wrh.on.ca/ExecutiveCommittee,manual_entry_required,NA
WINDSOR REGIONAL HOSPITAL,933,Large Community Hospital,Kelly Heron,NA,"Vice President of Women and Children, Inpatient Surgery, Peri-Operative and Ambulatory Surgical Services",2025-11-23,manual_entry,https://www.wrh.on.ca/ExecutiveCommittee,manual_entry_required,title_length_warning
WINDSOR REGIONAL HOSPITAL,933,Large Community Hospital,Margo Reilly,NA,Executive Director of the Windsor Family Health Team,2025-11-23,manual_entry,https://www.wrh.on.ca/ExecutiveCommittee,manual_entry_required,NA
TORONTO CASEY HOUSE,910,Small Hospital,Joanne simons,NA,Chief Executive Officer,2025-11-23,scraped,https://caseyhouse.ca/about-us/leadership/,div_classes,NA
TORONTO CASEY HOUSE,910,Small Hospital,Janet Chant,NA,Chief Financial and Operating Officer,2025-11-23,scraped,https://caseyhouse.ca/about-us/leadership/,div_classes,NA
TORONTO CASEY HOUSE,910,Small Hospital,Jennifer Bordin,NA,Chief Nursing Officer,2025-11-23,scraped,https://caseyhouse.ca/about-us/leadership/,div_classes,NA
TORONTO CASEY HOUSE,910,Small Hospital,Dr. Ed Kucharski,NA,Chief Medical Officer and Primary Care Lead,2025-11-23,scraped,https://caseyhouse.ca/about-us/leadership/,div_classes,NA
TORONTO CASEY HOUSE,910,Small Hospital,Alanna Scott,NA,Chief Development and Marketing Officer,2025-11-23,scraped,https://caseyhouse.ca/about-us/leadership/,div_classes,NA
TORONTO CASEY HOUSE,910,Small Hospital,Yasser Ismail,NA,Chief Strategy and Knowledge Officer,2025-11-23,scraped,https://caseyhouse.ca/about-us/leadership/,div_classes,NA
TIMMINS & DISTRICT GENERAL,907,Large Community Hospital,Kate Fyfe,NA,President & CEO,2025-11-23,scraped,https://tadh.com/about-us/senior-leadership-team/,h2_name_p_title,NA
TIMMINS & DISTRICT GENERAL,907,Large Community Hospital,Dr. Doug Arnold,NA,Chief of Staff,2025-11-23,scraped,https://tadh.com/about-us/senior-leadership-team/,h2_name_p_title,NA
TIMMINS & DISTRICT GENERAL,907,Large Community Hospital,Joan Ludwig,NA,Vice President of Clinical & Chief Nursing Executive,2025-11-23,scraped,https://tadh.com/about-us/senior-leadership-team/,h2_name_p_title,NA
TIMMINS & DISTRICT GENERAL,907,Large Community Hospital,Mike Resetar,NA,Vice President of People & Director of Operations,2025-11-23,scraped,https://tadh.com/about-us/senior-leadership-team/,h2_name_p_title,NA
TIMMINS & DISTRICT GENERAL,907,Large Community Hospital,Marc Demers,NA,Vice President Corporate & Chief Financial Officer,2025-11-23,scraped,https://tadh.com/about-us/senior-leadership-team/,h2_name_p_title,NA
TIMMINS & DISTRICT GENERAL,907,Large Community Hospital,Guy Guindon,NA,Chief Information Officer & Director of IS/IT and Diagnostic Services,2025-11-23,scraped,https://tadh.com/about-us/senior-leadership-team/,h2_name_p_title,NA
TIMMINS & DISTRICT GENERAL,907,Large Community Hospital,Jason Laneville,NA,Executive Director of the Timmins and District Hospital Foundation,2025-11-23,scraped,https://tadh.com/about-us/senior-leadership-team/,h2_name_p_title,NA
FORT FRANCES RIVERSIDE HEALTH CARE,900,Small Hospital,Henry Gauthier,NA,President & CEO,2025-11-23,scraped,https://riversidehealthcare.ca/communities,combined_h2,NA
FORT FRANCES RIVERSIDE HEALTH CARE,900,Small Hospital,Diana Harris,NA,Chief Nursing Executive,2025-11-23,scraped,https://riversidehealthcare.ca/communities,combined_h2,NA
FORT FRANCES RIVERSIDE HEALTH CARE,900,Small Hospital,Carla Larson,NA,"Chief Financial, Technology & Information Officer",2025-11-23,scraped,https://riversidehealthcare.ca/communities,combined_h2,NA
RED LAKE MARG COCHENOUR MEMORIAL,896,Small Hospital,Taylor Smith,NA,Chief Nursing Executive,2025-11-23,scraped,https://www.redlakehospital.ca/leadershipteam?s=1,h2_name_p_title,NA
RED LAKE MARG COCHENOUR MEMORIAL,896,Small Hospital,Amanda Kaczmarek,NA,"Director of Quality, Risk and Support Services",2025-11-23,scraped,https://www.redlakehospital.ca/leadershipteam?s=1,h2_name_p_title,NA
RED LAKE MARG COCHENOUR MEMORIAL,896,Small Hospital,Jennifer Sanna-White,NA,Manager of Laboratory Services and Diagnostic Imaging,2025-11-23,scraped,https://www.redlakehospital.ca/leadershipteam?s=1,h2_name_p_title,NA
RED LAKE MARG COCHENOUR MEMORIAL,896,Small Hospital,Adam Kostiw,NA,Director of Community Counselling and Addiction services,2025-11-23,scraped,https://www.redlakehospital.ca/leadershipteam?s=1,h2_name_p_title,NA
RED LAKE MARG COCHENOUR MEMORIAL,896,Small Hospital,Rey Baudry,NA,Pharmacy Manager,2025-11-23,scraped,https://www.redlakehospital.ca/leadershipteam?s=1,h2_name_p_title,NA
RED LAKE MARG COCHENOUR MEMORIAL,896,Small Hospital,Sandra Marshall,NA,Director of Employment Services,2025-11-23,scraped,https://www.redlakehospital.ca/leadershipteam?s=1,h2_name_p_title,NA
RED LAKE MARG COCHENOUR MEMORIAL,896,Small Hospital,Simranpreet Kaur,NA,Human Resources Manager,2025-11-23,scraped,https://www.redlakehospital.ca/leadershipteam?s=1,h2_name_p_title,NA
RED LAKE MARG COCHENOUR MEMORIAL,896,Small Hospital,Angela Bishop,NA,Interim President & CEO,2025-11-23,scraped,https://www.redlakehospital.ca/leadershipteam?s=1,h2_name_p_title,NA
WOODSTOCK WOODSTOCK HOSPITAL,890,Large Community Hospital,Perry Lang,NA,President & CEO,2025-11-23,scraped,https://www.woodstockhospital.ca/board-of-directors/,combined_h2,NA
WOODSTOCK WOODSTOCK HOSPITAL,890,Large Community Hospital,Cindy Smart,NA,Vice President of Patient Care/CNO,2025-11-23,scraped,https://www.woodstockhospital.ca/board-of-directors/,combined_h2,NA
WOODSTOCK WOODSTOCK HOSPITAL,890,Large Community Hospital,Dr. Malcolm MacLeod,NA,Chief of Staff,2025-11-23,scraped,https://www.woodstockhospital.ca/board-of-directors/,combined_h2,NA
WOODSTOCK WOODSTOCK HOSPITAL,890,Large Community Hospital,Dr. Ian Hons,NA,Assistant Chief of Staff,2025-11-23,scraped,https://www.woodstockhospital.ca/board-of-directors/,combined_h2,NA
WOODSTOCK WOODSTOCK HOSPITAL,890,Large Community Hospital,Dr. Paul Howatt,NA,President of Medical Staff,2025-11-23,scraped,https://www.woodstockhospital.ca/board-of-directors/,combined_h2,NA
WOODSTOCK WOODSTOCK HOSPITAL,890,Large Community Hospital,Dr. Rob Humphrey,NA,Vice President of Medical Staff,2025-11-23,scraped,https://www.woodstockhospital.ca/board-of-directors/,combined_h2,NA
WINGHAM & DISTRICT,889,Small Hospital,Esther Millar,NA,PresidentCEO,2025-11-23,scraped,https://lwha.ca/about/contact/,p_with_bold_and_br,NA
WINGHAM & DISTRICT,889,Small Hospital,Justine Leslie,NA,Vice President Clinical Services and Quality,2025-11-23,scraped,https://lwha.ca/about/contact/,p_with_bold_and_br,NA
WINGHAM & DISTRICT,889,Small Hospital,Rhonda Scheeringa,NA,Vice President Human Resources,2025-11-23,scraped,https://lwha.ca/about/contact/,p_with_bold_and_br,NA
NEW LISKEARD TEMISKAMING HOSPITAL,888,Small Hospital,Mike Baker,NA,PRESIDENT & CHIEF EXECUTIVE OFFICER SECRETARY,2025-11-23,scraped,https://www.temiskaming-hospital.com/board-of-directors,h2_name_p_title,NA
NEW LISKEARD TEMISKAMING HOSPITAL,888,Small Hospital,Dr. Colleen Davies,NA,CHIEF OF STAFF,2025-11-23,scraped,https://www.temiskaming-hospital.com/board-of-directors,h2_name_p_title,NA
NEW LISKEARD TEMISKAMING HOSPITAL,888,Small Hospital,Dr. Marc-Andre Morency,NA,"PRESIDENT, PROFESSIONAL STAFF",2025-11-23,scraped,https://www.temiskaming-hospital.com/board-of-directors,h2_name_p_title,NA
NEW LISKEARD TEMISKAMING HOSPITAL,888,Small Hospital,Martha Cope,NA,CHIEF NURSING EXECUTIVE,2025-11-23,scraped,https://www.temiskaming-hospital.com/board-of-directors,h2_name_p_title,NA
WINCHESTER DISTRICT MEMORIAL,882,Large Community Hospital,Cholly Boland,NA,Chief Executive Officer,2025-11-23,scraped,https://www.wdmh.on.ca/ourleadershipteam,p_with_bold_and_br,NA
WINCHESTER DISTRICT MEMORIAL,882,Large Community Hospital,Michelle Blouin,NA,"Vice President, Corporate Services and Chief Financial Officer",2025-11-23,scraped,https://www.wdmh.on.ca/ourleadershipteam,p_with_bold_and_br,NA
WINCHESTER DISTRICT MEMORIAL,882,Large Community Hospital,Janie Desroches,NA,"Vice President, Clinical Services and Chief Nursing Executive",2025-11-23,scraped,https://www.wdmh.on.ca/ourleadershipteam,p_with_bold_and_br,NA
WINCHESTER DISTRICT MEMORIAL,882,Large Community Hospital,Dr. Brian Devin,NA,Chief of Staff,2025-11-23,scraped,https://www.wdmh.on.ca/ourleadershipteam,p_with_bold_and_br,NA
WINCHESTER DISTRICT MEMORIAL,882,Large Community Hospital,Lori-Anne Van Moorsel,NA,Executive Assistant to the CEO and Board,2025-11-23,scraped,https://www.wdmh.on.ca/ourleadershipteam,p_with_bold_and_br,NA
WINCHESTER DISTRICT MEMORIAL,882,Large Community Hospital,Megan Derick,NA,"Executive Assistant, Clinical Services",2025-11-23,scraped,https://www.wdmh.on.ca/ourleadershipteam,p_with_bold_and_br,NA
WINCHESTER DISTRICT MEMORIAL,882,Large Community Hospital,Shannon Horsburgh,NA,"Clinical Manager, Emergency, Family Birthing, Hemodialysis, Discharge Planning and Social Work -",2025-11-23,scraped,https://www.wdmh.on.ca/ourleadershipteam,p_with_bold_and_br,NA
WINCHESTER DISTRICT MEMORIAL,882,Large Community Hospital,Kyle Jones,NA,"Clinical Manager, Diagnostic Imaging, Medical/Surgical, Enhanced Care, Continuing Complex Care, Clinical Nutrition and Rehabilitation -Katie Robertson",2025-11-23,scraped,https://www.wdmh.on.ca/ourleadershipteam,p_with_bold_and_br,title_length_warning
STURGEON FALLS WEST NIPISSING,881,Small Hospital,Dr. Ben Lalonde,NA,Chief of Staff,2025-11-23,scraped,https://www.wngh.ca/about-wngh/board/#gsc.tab=0,list_items,NA
STURGEON FALLS WEST NIPISSING,881,Small Hospital,Dr. Yves Vaillancourt,NA,President of the Professional Staff,2025-11-23,scraped,https://www.wngh.ca/about-wngh/board/#gsc.tab=0,list_items,NA
STURGEON FALLS WEST NIPISSING,881,Small Hospital,Dawn Morissette,NA,"Secretary, President & Chief Executive Officer",2025-11-23,scraped,https://www.wngh.ca/about-wngh/board/#gsc.tab=0,list_items,NA
STURGEON FALLS WEST NIPISSING,881,Small Hospital,Shelli Fielding Levac,NA,Chief Nursing Executive,2025-11-23,scraped,https://www.wngh.ca/about-wngh/board/#gsc.tab=0,list_items,NA
STURGEON FALLS WEST NIPISSING,881,Small Hospital,Gail Waghorn,NA,Chief Financial Officer,2025-11-23,scraped,https://www.wngh.ca/about-wngh/board/#gsc.tab=0,list_items,NA
TORONTO WOMENS COLLEGE,862,Teaching Hospital,Heather McPherson,NA,President & CEO,2025-11-23,scraped,https://www.womenscollegehospital.ca/who-we-are/executive-team/,div_classes,NA
TORONTO WOMENS COLLEGE,862,Teaching Hospital,Chad Gyorfi,NA,"Vice President, Finance, Partnerships and Corporate Financial Officer",2025-11-23,scraped,https://www.womenscollegehospital.ca/who-we-are/executive-team/,div_classes,NA
TORONTO WOMENS COLLEGE,862,Teaching Hospital,Dr. Cynthia Maxwell,NA,"Vice President, Medical Affairs and System Transformation and Lead Medical Executive",2025-11-23,scraped,https://www.womenscollegehospital.ca/who-we-are/executive-team/,div_classes,NA
TORONTO WOMENS COLLEGE,862,Teaching Hospital,Dr. Rulan S. Parekh,NA,"Vice President, Academics",2025-11-23,scraped,https://www.womenscollegehospital.ca/who-we-are/executive-team/,div_classes,NA
TORONTO WOMENS COLLEGE,862,Teaching Hospital,Jennifer Price,NA,"Vice President, Clinical Programs and Corporate Nurse & Professional Practice Executive",2025-11-23,scraped,https://www.womenscollegehospital.ca/who-we-are/executive-team/,div_classes,NA
TORONTO WOMENS COLLEGE,862,Teaching Hospital,Dr. Lisa Richardson,NA,Strategic Lead in Indigenous Health,2025-11-23,scraped,https://www.womenscollegehospital.ca/who-we-are/executive-team/,div_classes,NA
TORONTO WOMENS COLLEGE,862,Teaching Hospital,Sandra Smith,NA,"Vice President, People, Culture, and Equity & CHRO",2025-11-23,scraped,https://www.womenscollegehospital.ca/who-we-are/executive-team/,div_classes,NA
TORONTO WOMENS COLLEGE,862,Teaching Hospital,Drew Wesley,NA,"Vice President, Business, Technology, and Corporate Information Officer",2025-11-23,scraped,https://www.womenscollegehospital.ca/who-we-are/executive-team/,div_classes,NA
TORONTO WOMENS COLLEGE,862,Teaching Hospital,Jack Woodman,NA,"Vice President, Strategy, Quality, Risk and Privacy",2025-11-23,scraped,https://www.womenscollegehospital.ca/who-we-are/executive-team/,div_classes,NA
TORONTO WOMENS COLLEGE,862,Teaching Hospital,Dr. David Urbach,NA,Strategic Lead of Ambulatory Innovation,2025-11-23,scraped,https://www.womenscollegehospital.ca/who-we-are/executive-team/,div_classes,NA
Michael Garron TORONTO EAST GENERAL,858,Large Community Hospital,Melanie Kohn,NA,President & Chief Executive Officer (CEO),2025-11-23,scraped,https://www.tehn.ca/about-us/our-team/executive-team,div_classes,NA
Michael Garron TORONTO EAST GENERAL,858,Large Community Hospital,Dr. Carmine Simone,NA,"Vice President, Medical, Strategic Clinical Partnerships and Innovation",2025-11-23,scraped,https://www.tehn.ca/about-us/our-team/executive-team,div_classes,NA
Michael Garron TORONTO EAST GENERAL,858,Large Community Hospital,Kevin Edmonson,NA,"Vice President, Clinical Programs and Quality",2025-11-23,scraped,https://www.tehn.ca/about-us/our-team/executive-team,div_classes,NA
Michael Garron TORONTO EAST GENERAL,858,Large Community Hospital,Mikki Layton,NA,"Vice President, Professional Practice, Programs, Scholarship & Chief Nursing Executive",2025-11-23,scraped,https://www.tehn.ca/about-us/our-team/executive-team,div_classes,NA
Michael Garron TORONTO EAST GENERAL,858,Large Community Hospital,Phillip Kotanidis,NA,"Vice President, People & Chief Human Resources Officer",2025-11-23,scraped,https://www.tehn.ca/about-us/our-team/executive-team,div_classes,NA
Michael Garron TORONTO EAST GENERAL,858,Large Community Hospital,Dr. Sheila Laredo,NA,"Vice President, Academics & Chief of Staff",2025-11-23,scraped,https://www.tehn.ca/about-us/our-team/executive-team,div_classes,NA
Michael Garron TORONTO EAST GENERAL,858,Large Community Hospital,Sandra Chiu,NA,"Vice President, Finance & Chief Financial Officer",2025-11-23,scraped,https://www.tehn.ca/about-us/our-team/executive-team,div_classes,NA
Michael Garron TORONTO EAST GENERAL,858,Large Community Hospital,Mitze Mourinho,NA,"President, Michael Garron Hospital Foundation",2025-11-23,scraped,https://www.tehn.ca/about-us/our-team/executive-team,div_classes,NA
TORONTO SA GRACE,854,Small Hospital,NA,NA,NA,2025-11-23,robotstxt_blocked,https://www.torontograce.org/about-tghc/senior-management-team/,p_with_bold_and_br,NA
KENORA LAKE OF THE WOODS,826,Medium Hospital,Cheryl O'Flaherty,NA,President and Chief Executive Officer,2025-11-23,manual_entry,http://www.lwdh.on.ca/index.php/programs-and-services/administration.html,manual_entry_required,NA
KENORA LAKE OF THE WOODS,826,Medium Hospital,Gillian Nattress,NA,Vice President Patient Services and Chief Nursing Officer,2025-11-23,manual_entry,http://www.lwdh.on.ca/index.php/programs-and-services/administration.html,manual_entry_required,NA
KENORA LAKE OF THE WOODS,826,Medium Hospital,Alison Wesley-James,NA,VP Operations and Capital Planning,2025-11-23,manual_entry,http://www.lwdh.on.ca/index.php/programs-and-services/administration.html,manual_entry_required,NA
KENORA LAKE OF THE WOODS,826,Medium Hospital,Dr. Sean Moore,NA,Chief of Staff,2025-11-23,manual_entry,http://www.lwdh.on.ca/index.php/programs-and-services/administration.html,manual_entry_required,NA
KENORA LAKE OF THE WOODS,826,Medium Hospital,Dr. Meghan Olson,NA,President of Medical Staff,2025-11-23,manual_entry,http://www.lwdh.on.ca/index.php/programs-and-services/administration.html,manual_entry_required,NA
KENORA LAKE OF THE WOODS,826,Medium Hospital,Dr. Jossie Sweat Cosentino,NA,Vice President of Medical Staff,2025-11-23,manual_entry,http://www.lwdh.on.ca/index.php/programs-and-services/administration.html,manual_entry_required,NA
SMOOTH ROCK FALLS,809,Small Hospital,NA,NA,NA,2025-11-23,manual_entry,https://www.srfhosp.ca/,manual_entry_required,NA
ALEXANDRIA GLENGARRY,802,Small Hospital,Robert Alldred-Hughes,NA,President & Chief Executive Officer,2025-11-23,scraped,https://www.hgmh.on.ca/en/about-us-key/strategic-plan-leadership-and-board-of-directors#leadership-team,div_container_multiclass,NA
ALEXANDRIA GLENGARRY,802,Small Hospital,Linda Ramsay,NA,Vice President of Corporate Services and Chief Financial Officer,2025-11-23,scraped,https://www.hgmh.on.ca/en/about-us-key/strategic-plan-leadership-and-board-of-directors#leadership-team,div_container_multiclass,NA
ALEXANDRIA GLENGARRY,802,Small Hospital,Rachel Romany,NA,"Vice President of Clinical Services, Quality, and Chief Nursing Executive",2025-11-23,scraped,https://www.hgmh.on.ca/en/about-us-key/strategic-plan-leadership-and-board-of-directors#leadership-team,div_container_multiclass,NA
ALEXANDRIA GLENGARRY,802,Small Hospital,Kayla MacGillivray,NA,Chief Human Resources Officer,2025-11-23,scraped,https://www.hgmh.on.ca/en/about-us-key/strategic-plan-leadership-and-board-of-directors#leadership-team,div_container_multiclass,NA
ALEXANDRIA GLENGARRY,802,Small Hospital,Dr. Lisa MacKinnon,NA,"Physician, Chief of Staff",2025-11-23,scraped,https://www.hgmh.on.ca/en/about-us-key/strategic-plan-leadership-and-board-of-directors#leadership-team,div_container_multiclass,NA
ALEXANDRIA GLENGARRY,802,Small Hospital,Annik MacLeod,NA,Manager of Pharmacy Operations,2025-11-23,scraped,https://www.hgmh.on.ca/en/about-us-key/strategic-plan-leadership-and-board-of-directors#leadership-team,div_container_multiclass,NA
ALEXANDRIA GLENGARRY,802,Small Hospital,Christine Price,NA,EORLA Site Manager,2025-11-23,scraped,https://www.hgmh.on.ca/en/about-us-key/strategic-plan-leadership-and-board-of-directors#leadership-team,div_container_multiclass,NA
ALEXANDRIA GLENGARRY,802,Small Hospital,Courtney Maruno,NA,Manager of Human Resources and Occupational Health & Safety,2025-11-23,scraped,https://www.hgmh.on.ca/en/about-us-key/strategic-plan-leadership-and-board-of-directors#leadership-team,div_container_multiclass,NA
ALEXANDRIA GLENGARRY,802,Small Hospital,Dave Lorimer,NA,Manager of Information Technology,2025-11-23,scraped,https://www.hgmh.on.ca/en/about-us-key/strategic-plan-leadership-and-board-of-directors#leadership-team,div_container_multiclass,NA
ALEXANDRIA GLENGARRY,802,Small Hospital,Jen Mattice,NA,"Manager of Projects, Emergency Preparedness and Security",2025-11-23,scraped,https://www.hgmh.on.ca/en/about-us-key/strategic-plan-leadership-and-board-of-directors#leadership-team,div_container_multiclass,NA
ALEXANDRIA GLENGARRY,802,Small Hospital,Julie Larose,NA,Manager of Support Services,2025-11-23,scraped,https://www.hgmh.on.ca/en/about-us-key/strategic-plan-leadership-and-board-of-directors#leadership-team,div_container_multiclass,NA
ALEXANDRIA GLENGARRY,802,Small Hospital,Kathryn Paon,NA,Interim Manager of Inpatient Services and Patient Flow,2025-11-23,scraped,https://www.hgmh.on.ca/en/about-us-key/strategic-plan-leadership-and-board-of-directors#leadership-team,div_container_multiclass,NA
ALEXANDRIA GLENGARRY,802,Small Hospital,Kelsey Duval,NA,Manager of Emergency and Respiratory Care,2025-11-23,scraped,https://www.hgmh.on.ca/en/about-us-key/strategic-plan-leadership-and-board-of-directors#leadership-team,div_container_multiclass,NA
ALEXANDRIA GLENGARRY,802,Small Hospital,Lauren Hume,NA,Manager of Ambulatory Care & Rehabilitation Services,2025-11-23,scraped,https://www.hgmh.on.ca/en/about-us-key/strategic-plan-leadership-and-board-of-directors#leadership-team,div_container_multiclass,NA
ALEXANDRIA GLENGARRY,802,Small Hospital,Ryan Joseph Jarencio,NA,"Manager of Health Information Services, Decision Support and Privacy",2025-11-23,scraped,https://www.hgmh.on.ca/en/about-us-key/strategic-plan-leadership-and-board-of-directors#leadership-team,div_container_multiclass,NA
ALEXANDRIA GLENGARRY,802,Small Hospital,Therese Courcy,NA,Manager of Financial Services,2025-11-23,scraped,https://www.hgmh.on.ca/en/about-us-key/strategic-plan-leadership-and-board-of-directors#leadership-team,div_container_multiclass,NA
ALEXANDRIA GLENGARRY,802,Small Hospital,Wendy MacLeod,NA,Manager of Interprofessional Practice and Diagnostic Imaging,2025-11-23,scraped,https://www.hgmh.on.ca/en/about-us-key/strategic-plan-leadership-and-board-of-directors#leadership-team,div_container_multiclass,NA
ALEXANDRIA GLENGARRY,802,Small Hospital,Charlotte Nagy,NA,Treasurer,2025-11-23,scraped,https://www.hgmh.on.ca/en/about-us-key/strategic-plan-leadership-and-board-of-directors#leadership-team,div_container_multiclass,NA
HAWKESBURY & DISTRICT GENERAL,800,Small Hospital,Frederic Beauchemin,NA,Chief Executive Officer (CEO),2025-11-23,scraped,https://hgh.ca/about-hgh/leadership-team/,h2_name_p_title,NA
HAWKESBURY & DISTRICT GENERAL,800,Small Hospital,Dr. Paul E. Beaule,NA,Chief of Staff,2025-11-23,scraped,https://hgh.ca/about-hgh/leadership-team/,h2_name_p_title,NA
HAWKESBURY & DISTRICT GENERAL,800,Small Hospital,Imrana Jeoffrey,NA,"Chief Performance and Quality Officer and Vice-President, Operations",2025-11-23,scraped,https://hgh.ca/about-hgh/leadership-team/,h2_name_p_title,NA
HAWKESBURY & DISTRICT GENERAL,800,Small Hospital,Freda Stolz,NA,Chief Human Resources Officer,2025-11-23,scraped,https://hgh.ca/about-hgh/leadership-team/,h2_name_p_title,NA
HAWKESBURY & DISTRICT GENERAL,800,Small Hospital,Jeremy Roberts,NA,"Chief Financial Officer and Vice-President, Facilities",2025-11-23,scraped,https://hgh.ca/about-hgh/leadership-team/,h2_name_p_title,NA
HAWKESBURY & DISTRICT GENERAL,800,Small Hospital,France Paquet,NA,Chief Nursing Executive and Vice-President of Professional Practice,2025-11-23,scraped,https://hgh.ca/about-hgh/leadership-team/,h2_name_p_title,NA
RENFREW VICTORIA,788,Small Hospital,Suzanne Madore,NA,President and CEO,2025-11-23,scraped,https://www.renfrewhosp.com/srmanagement,h2_name_p_title,NA
RENFREW VICTORIA,788,Small Hospital,Alison Green,NA,"Vice President, People, Diagnostics & Support Services",2025-11-23,scraped,https://www.renfrewhosp.com/srmanagement,h2_name_p_title,NA
RENFREW VICTORIA,788,Small Hospital,Mary Ellen Harris,NA,"Vice President/Chief Nursing Executive, Patient Care, Quality & Clinical Services",2025-11-23,scraped,https://www.renfrewhosp.com/srmanagement,h2_name_p_title,NA
RENFREW VICTORIA,788,Small Hospital,Kimberley Harbord,NA,"Vice President, Finance, Performance & Information",2025-11-23,scraped,https://www.renfrewhosp.com/srmanagement,h2_name_p_title,NA
LITTLE CURRENT MANITOULIN,784,Small Hospital,Paula Fields,NA,President & Chief Executive Officer,2025-11-23,scraped,https://www.mhc.on.ca/our-team/senior-management,p_with_bold_and_br,NA
LITTLE CURRENT MANITOULIN,784,Small Hospital,Eric Theriault,NA,Vice President Corporate Support Services & Chief Financial Officer,2025-11-23,scraped,https://www.mhc.on.ca/our-team/senior-management,p_with_bold_and_br,NA
LITTLE CURRENT MANITOULIN,784,Small Hospital,Paula Ferguson,NA,Vice President Clinical Services & Chief Nursing Officer,2025-11-23,scraped,https://www.mhc.on.ca/our-team/senior-management,p_with_bold_and_br,NA
BARRYS BAY ST FRANCIS,768,Small Hospital,Suzanne Madore,NA,Chief Executive Officer,2025-11-23,scraped,https://www.sfmhosp.com/about-us/,combined_h2,NA
BARRYS BAY ST FRANCIS,768,Small Hospital,Gregory McLeod,NA,Chief Operating Officer,2025-11-23,scraped,https://www.sfmhosp.com/about-us/,combined_h2,NA
BARRYS BAY ST FRANCIS,768,Small Hospital,Sherri Cope,NA,Vice President & Chief Nursing Executive,2025-11-23,scraped,https://www.sfmhosp.com/about-us/,combined_h2,NA
BARRYS BAY ST FRANCIS,768,Small Hospital,Kimberley Harbord,NA,"Vice President, Financial Services",2025-11-23,scraped,https://www.sfmhosp.com/about-us/,combined_h2,NA
OTTAWA MONTFORT,753,Teaching Hospital,Dominic Giroux,NA,President and CEO,2025-11-23,scraped,https://hopitalmontfort.com/en/corp/senior-leadership,combined_h2,NA
OTTAWA MONTFORT,753,Teaching Hospital,Valerie Dubois Desroches,NA,"Senior Vice-President, Patient Care",2025-11-23,scraped,https://hopitalmontfort.com/en/corp/senior-leadership,combined_h2,NA
OTTAWA MONTFORT,753,Teaching Hospital,Guy Couture,NA,"Senior Vice-President, Finance and Administration",2025-11-23,scraped,https://hopitalmontfort.com/en/corp/senior-leadership,combined_h2,NA
OTTAWA MONTFORT,753,Teaching Hospital,Caroline Roy-Egner,NA,"Senior Vice-President, Strategy and People",2025-11-23,scraped,https://hopitalmontfort.com/en/corp/senior-leadership,combined_h2,NA
OTTAWA MONTFORT,753,Teaching Hospital,Estelle Ethier,NA,"Chief Executive Officer, Institut du Savoir Montfort and Vice-President, Education and Research, Hopital Montfort",2025-11-23,scraped,https://hopitalmontfort.com/en/corp/senior-leadership,combined_h2,title_length_warning
OTTAWA MONTFORT,753,Teaching Hospital,Carolyn Crowley,NA,"Associate Vice-President, Patient Care and Social Accountability",2025-11-23,scraped,https://hopitalmontfort.com/en/corp/senior-leadership,combined_h2,NA
OTTAWA MONTFORT,753,Teaching Hospital,Josette Roussel,NA,"Associate Vice-President, Patient Care and Chief Nursing Executive",2025-11-23,scraped,https://hopitalmontfort.com/en/corp/senior-leadership,combined_h2,NA
OTTAWA MONTFORT,753,Teaching Hospital,Martin Sauve,NA,Director of Communications,2025-11-23,scraped,https://hopitalmontfort.com/en/corp/senior-leadership,combined_h2,NA
OTTAWA MONTFORT,753,Teaching Hospital,Marc Villeneuve,NA,"President and CEO, Montfort Foundation",2025-11-23,scraped,https://hopitalmontfort.com/en/corp/senior-leadership,combined_h2,NA
OTTAWA MONTFORT,753,Teaching Hospital,Dr. Chantal D'Aoust-Bernard,NA,Chief-of-staff,2025-11-23,scraped,https://hopitalmontfort.com/en/corp/senior-leadership,combined_h2,NA
OTTAWA CHEO CTC,751,Specialty Children Hospital,Dr. Vera Etches,NA,President and Chief Executive Officer,2025-11-23,scraped,https://www.cheo.on.ca/en/about-us/senior-leadership.aspx?_mid_=1829,h2_name_p_title,NA
OTTAWA CHEO CTC,751,Specialty Children Hospital,Dr. Lindy Samson,NA,Chief of Staff and Chief Medical Officer,2025-11-23,scraped,https://www.cheo.on.ca/en/about-us/senior-leadership.aspx?_mid_=1829,h2_name_p_title,NA
OTTAWA CHEO CTC,751,Specialty Children Hospital,Tammy DeGiovanni,NA,Senior Vice-President of Clinical Services and Chief Nursing Executive,2025-11-23,scraped,https://www.cheo.on.ca/en/about-us/senior-leadership.aspx?_mid_=1829,h2_name_p_title,NA
OTTAWA CHEO CTC,751,Specialty Children Hospital,Nathalie Fauvel,NA,"Senior Vice-President of Corporate Services, Capital Programs and Chief Financial Officer",2025-11-23,scraped,https://www.cheo.on.ca/en/about-us/senior-leadership.aspx?_mid_=1829,h2_name_p_title,NA
OTTAWA CHEO CTC,751,Specialty Children Hospital,Dr. Jason Berman,NA,CEO and Scientific Director of the CHEO Research Institute and Vice-President of Research at CHEO,2025-11-23,scraped,https://www.cheo.on.ca/en/about-us/senior-leadership.aspx?_mid_=1829,h2_name_p_title,NA
OTTAWA CHEO CTC,751,Specialty Children Hospital,Karen Macaulay,NA,Vice-President of Acute Care,2025-11-23,scraped,https://www.cheo.on.ca/en/about-us/senior-leadership.aspx?_mid_=1829,h2_name_p_title,NA
OTTAWA CHEO CTC,751,Specialty Children Hospital,Jennifer Proulx,NA,Vice-President of Child Development and Community Services,2025-11-23,scraped,https://www.cheo.on.ca/en/about-us/senior-leadership.aspx?_mid_=1829,h2_name_p_title,NA
OTTAWA CHEO CTC,751,Specialty Children Hospital,Mari Teitelbaum,NA,"Vice-President of Strategy, Quality and Family Partnership and Chief Information Officer (CIO)",2025-11-23,scraped,https://www.cheo.on.ca/en/about-us/senior-leadership.aspx?_mid_=1829,h2_name_p_title,NA
OTTAWA CHEO CTC,751,Specialty Children Hospital,Ann Clancy,NA,Chief Talent Officer,2025-11-23,scraped,https://www.cheo.on.ca/en/about-us/senior-leadership.aspx?_mid_=1829,h2_name_p_title,NA
OTTAWA CHEO CTC,751,Specialty Children Hospital,Anick Losier,NA,Chief Branding and Communications Officer,2025-11-23,scraped,https://www.cheo.on.ca/en/about-us/senior-leadership.aspx?_mid_=1829,h2_name_p_title,NA
OTTAWA CHEO CTC,751,Specialty Children Hospital,Dr. Pranesh Chakraborty,NA,Chief of Pediatrics at CHEOChair of Pediatrics at University of Ottawa,2025-11-23,scraped,https://www.cheo.on.ca/en/about-us/senior-leadership.aspx?_mid_=1829,h2_name_p_title,NA
OTTAWA CHEO CTC,751,Specialty Children Hospital,Dr. Leanna Isserlin,NA,Chief of the Department of Psychiatry,2025-11-23,scraped,https://www.cheo.on.ca/en/about-us/senior-leadership.aspx?_mid_=1829,h2_name_p_title,NA
OTTAWA CHEO CTC,751,Specialty Children Hospital,Dr. Jean-Philippe Vaccani,NA,Chief of the Department of Surgery,2025-11-23,scraped,https://www.cheo.on.ca/en/about-us/senior-leadership.aspx?_mid_=1829,h2_name_p_title,NA
OTTAWA CHEO CTC,751,Specialty Children Hospital,Sheila James,NA,"Director of the Office of Indigeneity, Inclusion, Diversity, Equity, Access and Social Justice (I-IDEAS)",2025-11-23,scraped,https://www.cheo.on.ca/en/about-us/senior-leadership.aspx?_mid_=1829,h2_name_p_title,title_length_warning
NIPIGON DISTRICT MEMORIAL,739,Small Hospital,Shannon Cormier,NA,President & Chief Executive Officer,2025-11-23,scraped,https://www.ndmh.ca/about-our-hospital,div_classes,NA
NIPIGON DISTRICT MEMORIAL,739,Small Hospital,Kyle Lemieux,NA,Chief Nursing Executive,2025-11-23,scraped,https://www.ndmh.ca/about-our-hospital,div_classes,NA
NIPIGON DISTRICT MEMORIAL,739,Small Hospital,Lauren Gilbert,NA,Chief Financial Officer,2025-11-23,scraped,https://www.ndmh.ca/about-our-hospital,div_classes,NA
NIPIGON DISTRICT MEMORIAL,739,Small Hospital,Dr. Ravi Dhaliwal,NA,Chief of Staff,2025-11-23,scraped,https://www.ndmh.ca/about-our-hospital,div_classes,NA
HALDIMAND WEST HALDIMAND GENERAL,734,Small Hospital,Todd Stepanuik,NA,President and Chief Executive OfficerNorfolk General HospitalNorfolk Hospital Nursing Home,2025-11-23,scraped,https://www.whgh.ca/senior-leadership-team/,p_with_bold_and_br,NA
HALDIMAND WEST HALDIMAND GENERAL,734,Small Hospital,Kim Mullins,NA,Vice-President Clinical and Chief Nursing Executive of West Haldimand General Hospital.,2025-11-23,scraped,https://www.whgh.ca/senior-leadership-team/,p_with_bold_and_br,NA
HALDIMAND WEST HALDIMAND GENERAL,734,Small Hospital,Dr. Robin Martin-Godelie,NA,Chief of Staff,2025-11-23,scraped,https://www.whgh.ca/senior-leadership-team/,p_with_bold_and_br,NA
HALDIMAND WEST HALDIMAND GENERAL,734,Small Hospital,Sarah-Jane Irvine,CHRL,Vice President People Strategy and Chief Human Resources Officer,2025-11-23,scraped,https://www.whgh.ca/senior-leadership-team/,p_with_bold_and_br,NA
HALDIMAND WEST HALDIMAND GENERAL,734,Small Hospital,Dan Hill,NA,Vice President - Finance and Chief Financial Officer,2025-11-23,scraped,https://www.whgh.ca/senior-leadership-team/,p_with_bold_and_br,NA
KEMPTVILLE DISTRICT,732,Small Hospital,Frank Vassallo,NA,Chief Executive Officer,2025-11-23,scraped,https://kdh.on.ca/about-kemptville-district-hospital/leadership-team/,h2_name_p_title,NA
KEMPTVILLE DISTRICT,732,Small Hospital,Dr. Colin Sentongo,NA,Chief of Staff,2025-11-23,scraped,https://kdh.on.ca/about-kemptville-district-hospital/leadership-team/,h2_name_p_title,NA
KEMPTVILLE DISTRICT,732,Small Hospital,Brittany Rivard,NA,"Chief Financial Officer & Vice President, Operations",2025-11-23,scraped,https://kdh.on.ca/about-kemptville-district-hospital/leadership-team/,h2_name_p_title,NA
KEMPTVILLE DISTRICT,732,Small Hospital,Katie Hogue,NA,VP Nursing/Clinical Services & Chief Nursing Executive,2025-11-23,scraped,https://kdh.on.ca/about-kemptville-district-hospital/leadership-team/,h2_name_p_title,NA
KEMPTVILLE DISTRICT,732,Small Hospital,Dr. Chris Kirby,NA,"Chief, Department of Anaesthesiology",2025-11-23,scraped,https://kdh.on.ca/about-kemptville-district-hospital/leadership-team/,h2_name_p_title,NA
KEMPTVILLE DISTRICT,732,Small Hospital,Dr. Nadine Kaefer,NA,"Chief, Department of Family Medicine",2025-11-23,scraped,https://kdh.on.ca/about-kemptville-district-hospital/leadership-team/,h2_name_p_title,NA
KEMPTVILLE DISTRICT,732,Small Hospital,Dr. Alexander Coret,NA,"Chief, Department of Radiology",2025-11-23,scraped,https://kdh.on.ca/about-kemptville-district-hospital/leadership-team/,h2_name_p_title,NA
KEMPTVILLE DISTRICT,732,Small Hospital,Dr. Darryl Young,NA,"Chief, Department of Surgery",2025-11-23,scraped,https://kdh.on.ca/about-kemptville-district-hospital/leadership-team/,h2_name_p_title,NA
KEMPTVILLE DISTRICT,732,Small Hospital,Dr. Patrick Davison,NA,"President, Medical Staff",2025-11-23,scraped,https://kdh.on.ca/about-kemptville-district-hospital/leadership-team/,h2_name_p_title,NA
MATTAWA GENERAL,724,Small Hospital,Tanya Belanger,NA,President & CEO / Administrator,2025-11-23,scraped,https://www.mattawahealth.ca/About-Us/Senior-Team,combined_h2,NA
MATTAWA GENERAL,724,Small Hospital,Amy Morrison,NA,VP Corporate Services & CFO,2025-11-23,scraped,https://www.mattawahealth.ca/About-Us/Senior-Team,combined_h2,NA
MATTAWA GENERAL,724,Small Hospital,Christine Thompson,NA,VP Clinical Services & CNO,2025-11-23,scraped,https://www.mattawahealth.ca/About-Us/Senior-Team,combined_h2,NA
MATTAWA GENERAL,724,Small Hospital,Jean Peteza,NA,Director of Care,2025-11-23,scraped,https://www.mattawahealth.ca/About-Us/Senior-Team,combined_h2,NA
MATHESON BINGHAM MEMORIAL,723,Small Hospital,NA,NA,NA,2025-11-23,robotstxt_blocked,https://www.micsgroup.com/governance/board-of-directors/,p_with_br_list_reversed,NA
MANITOUWADGE SANTE MANITOUWADGE,719,Small Hospital,Annie Janveau,NA,President and CEO,2025-11-23,manual_entry,https://www.mh.on.ca/organizationalstructure,manual_entry_required,NA
MANITOUWADGE SANTE MANITOUWADGE,719,Small Hospital,Megan Esarte,NA,Chief Nursing Officer/Director of Clinical Services,2025-11-23,manual_entry,https://www.mh.on.ca/organizationalstructure,manual_entry_required,NA
MANITOUWADGE SANTE MANITOUWADGE,719,Small Hospital,Trena Roberts,NA,Director of Community Services and Programs,2025-11-23,manual_entry,https://www.mh.on.ca/organizationalstructure,manual_entry_required,NA
MANITOUWADGE SANTE MANITOUWADGE,719,Small Hospital,Amy Gray,NA,Director of Finance,2025-11-23,manual_entry,https://www.mh.on.ca/organizationalstructure,manual_entry_required,NA
MANITOUWADGE SANTE MANITOUWADGE,719,Small Hospital,Teresa Malakoff,NA,Support Services Manager/Privacy Officer,2025-11-23,manual_entry,https://www.mh.on.ca/organizationalstructure,manual_entry_required,NA
LONDON ST JOSEPHS,714,Teaching Hospital,Roy Butler,NA,President and CEO,2025-11-23,manual_entry,https://www.sjhc.london.on.ca/about-us/about-st-josephs-health-care-london/leadership-team,manual_entry_required,NA
Listowel Wingham LISTOWEL MEMORIAL,709,Small Hospital,Esther Millar,NA,CEO,2025-11-23,manual_entry,https://lwha.ca/about/board/,manual_entry_required,NA
Erie Shores Leamington,704,Small Hospital,Kristin Kennedy,NA,Chief Executive Officer,2025-11-23,scraped,https://erie.bluelemonmedia.com/boardofdirectors,table_cells,NA
Erie Shores Leamington,704,Small Hospital,Dr. Kenneth Ogah,NA,Chief of Professional Staff,2025-11-23,scraped,https://erie.bluelemonmedia.com/boardofdirectors,table_cells,NA
KIRKLAND & DISTRICT,696,Small Hospital,Jorge VanSlyke,NA,President and Chief Executive Officer,2025-11-23,scraped,https://www.blancheriverhealth.ca/about-us/leadership,div_classes,NA
KIRKLAND & DISTRICT,696,Small Hospital,Samantha Saudino,NA,"Vice President, Clinical Services and Chief Nursing Officer",2025-11-23,scraped,https://www.blancheriverhealth.ca/about-us/leadership,div_classes,NA
KIRKLAND & DISTRICT,696,Small Hospital,Barbara Effenberger,NA,"Vice President, Corporate Services and Chief Financial Officer",2025-11-23,scraped,https://www.blancheriverhealth.ca/about-us/leadership,div_classes,NA
KIRKLAND & DISTRICT,696,Small Hospital,Dr. Brian McPherson,NA,Chief of Staff,2025-11-23,scraped,https://www.blancheriverhealth.ca/about-us/leadership,div_classes,NA
KIRKLAND & DISTRICT,696,Small Hospital,Dr. Ted Jordan,NA,President of Medical Staff,2025-11-23,scraped,https://www.blancheriverhealth.ca/about-us/leadership,div_classes,NA
HORNEPAYNE COMMUNITY,682,Small Hospital,Linda Kozlowski,NA,CEO​,2025-11-23,scraped,https://www.hornepaynecommunityhospital.ca/about-1,div_container_multiclass,NA
HORNEPAYNE COMMUNITY,682,Small Hospital,Brenda Weisflock,NA,CNO & LTCA​,2025-11-23,scraped,https://www.hornepaynecommunityhospital.ca/about-1,div_container_multiclass,NA
HORNEPAYNE COMMUNITY,682,Small Hospital,Einat Kerner,NA,Nurse Manager​,2025-11-23,scraped,https://www.hornepaynecommunityhospital.ca/about-1,div_container_multiclass,NA
HORNEPAYNE COMMUNITY,682,Small Hospital,Marilyn Verrino,NA,Support Services​,2025-11-23,scraped,https://www.hornepaynecommunityhospital.ca/about-1,div_container_multiclass,NA
WAWA LADY DUNN HC,686,Small Hospital,Danette Mathias,NA,Chairperson,2025-11-23,scraped,https://ldhc.com/About-Us/Board-of-Directors,h2_name_p_title,NA
WAWA LADY DUNN HC,686,Small Hospital,Doug Hunter,NA,Director - Vice Chair,2025-11-23,scraped,https://ldhc.com/About-Us/Board-of-Directors,h2_name_p_title,NA
WAWA LADY DUNN HC,686,Small Hospital,Kadean Ogilvie,NA,Chief Executive Officer,2025-11-23,scraped,https://ldhc.com/About-Us/Board-of-Directors,h2_name_p_title,NA
WAWA LADY DUNN HC,686,Small Hospital,Dr. Anjali Oberai,NA,Chief of Staff,2025-11-23,scraped,https://ldhc.com/About-Us/Board-of-Directors,h2_name_p_title,NA
WAWA LADY DUNN HC,686,Small Hospital,Louise Needham,NA,Director of Patient Care Services,2025-11-23,scraped,https://ldhc.com/About-Us/Board-of-Directors,h2_name_p_title,NA
WAWA LADY DUNN HC,686,Small Hospital,Heather Zayachkowski,NA,Chief Financial Officer,2025-11-23,scraped,https://ldhc.com/About-Us/Board-of-Directors,h2_name_p_title,NA
MICS Group IROQUOIS FALLS ANSON GENERAL,685,Small Hospital,NA,NA,NA,2025-11-23,robotstxt_blocked,https://www.micsgroup.com/governance/board-of-directors/,p_with_br_list_reversed,NA
Rural Roads Health servcies INGERSOLL ALEXANDRA,684,Small Hospital,Nadia Facca,NA,"President and CEO, Board Secretary",2025-11-23,scraped,https://www.ruralroadshealthservices.ca/about/board-of-directors/,div_classes,NA
Rural Roads Health servcies INGERSOLL ALEXANDRA,684,Small Hospital,April Mullen,NA,"Chief Nursing Executive, VP Clinical Services",2025-11-23,scraped,https://www.ruralroadshealthservices.ca/about/board-of-directors/,div_classes,NA
Rural Roads Health servcies INGERSOLL ALEXANDRA,684,Small Hospital,Dr. Clay Inculet,NA,Integrated Chief of Staff,2025-11-23,scraped,https://www.ruralroadshealthservices.ca/about/board-of-directors/,div_classes,NA
Rural Roads Health servcies INGERSOLL ALEXANDRA,684,Small Hospital,Dr. Punkuj Chawla,NA,"AHI President, Medical Staff",2025-11-23,scraped,https://www.ruralroadshealthservices.ca/about/board-of-directors/,div_classes,NA
Rural Roads Health servcies INGERSOLL ALEXANDRA,684,Small Hospital,Dr. Michael Surkont,NA,"TDMH President, Medical Staff",2025-11-23,scraped,https://www.ruralroadshealthservices.ca/about/board-of-directors/,div_classes,NA
Rural Roads Health Services TILLSONBURG DISTRICT MEMORIAL,824,Small Hospital,Nadia Facca,NA,"President and CEO, Board Secretary",2025-11-23,scraped,https://www.ruralroadshealthservices.ca/about/board-of-directors/,div_classes,NA
Rural Roads Health Services TILLSONBURG DISTRICT MEMORIAL,824,Small Hospital,April Mullen,NA,"Chief Nursing Executive, VP Clinical Services",2025-11-23,scraped,https://www.ruralroadshealthservices.ca/about/board-of-directors/,div_classes,NA
Rural Roads Health Services TILLSONBURG DISTRICT MEMORIAL,824,Small Hospital,Dr. Clay Inculet,NA,Integrated Chief of Staff,2025-11-23,scraped,https://www.ruralroadshealthservices.ca/about/board-of-directors/,div_classes,NA
Rural Roads Health Services TILLSONBURG DISTRICT MEMORIAL,824,Small Hospital,Dr. Punkuj Chawla,NA,"AHI President, Medical Staff",2025-11-23,scraped,https://www.ruralroadshealthservices.ca/about/board-of-directors/,div_classes,NA
Rural Roads Health Services TILLSONBURG DISTRICT MEMORIAL,824,Small Hospital,Dr. Michael Surkont,NA,"TDMH President, Medical Staff",2025-11-23,scraped,https://www.ruralroadshealthservices.ca/about/board-of-directors/,div_classes,NA
HEARST NOTRE DAME,681,Small Hospital,NA,NA,NA,2025-11-23,robotstxt_blocked,https://www.ndh.on.ca/board-of-directors/,h2_name_p_title,NA
HANOVER & DISTRICT,676,Small Hospital,Dana Howes,NA,President & CEO,2025-11-23,scraped,https://www.hanoverhospital.on.ca/our-team,h2_name_p_title,NA
HANOVER & DISTRICT,676,Small Hospital,Kim Mighton,NA,Vice President of Finance & Operations,2025-11-23,scraped,https://www.hanoverhospital.on.ca/our-team,h2_name_p_title,NA
HANOVER & DISTRICT,676,Small Hospital,Karen Otterbein,NA,Manager of Human Resources & Physician Recruitment,2025-11-23,scraped,https://www.hanoverhospital.on.ca/our-team,h2_name_p_title,NA
HANOVER & DISTRICT,676,Small Hospital,Paul Burke,NA,Facilities & Project Manager,2025-11-23,scraped,https://www.hanoverhospital.on.ca/our-team,h2_name_p_title,NA
HANOVER & DISTRICT,676,Small Hospital,Tasha Hamel,NA,"Patient Care Manager (Emergency, Environmental Services, Clinical Education)",2025-11-23,scraped,https://www.hanoverhospital.on.ca/our-team,h2_name_p_title,NA
HANOVER & DISTRICT,676,Small Hospital,Mel Miles,NA,"Manager Health Records & Out-Patient Clinics, Registration and Privacy Officer",2025-11-23,scraped,https://www.hanoverhospital.on.ca/our-team,h2_name_p_title,NA
HANOVER & DISTRICT,676,Small Hospital,Peter McCombie,NA,"Patient Care Manager (Surgical Services, Obstetrics, Dialysis, MDRD, Pharmacy)",2025-11-23,scraped,https://www.hanoverhospital.on.ca/our-team,h2_name_p_title,NA
HANOVER & DISTRICT,676,Small Hospital,Laura McCullough,NA,"Manager of Laboratory & Diagnostic Imaging, Infection Control",2025-11-23,scraped,https://www.hanoverhospital.on.ca/our-team,h2_name_p_title,NA
HANOVER & DISTRICT,676,Small Hospital,Sherrie Schope,NA,"Patient Care Manager (Acute Care, ICU, Nutritional Services, Dietician, Physio)",2025-11-23,scraped,https://www.hanoverhospital.on.ca/our-team,h2_name_p_title,NA
HANOVER & DISTRICT,676,Small Hospital,Megan Soers,NA,Health & Safety/Risk Manager,2025-11-23,scraped,https://www.hanoverhospital.on.ca/our-team,h2_name_p_title,NA
HANOVER & DISTRICT,676,Small Hospital,Saskia MacMillan,NA,Vice President of Patient Care Service/CNE,2025-11-23,scraped,https://www.hanoverhospital.on.ca/our-team,h2_name_p_title,NA
HAMILTON ST JOSEPH'S,674,Teaching Hospital,Brooke Cowell,NA,"Executive vice president, clinical services and chief nursing executive",2025-11-23,scraped,https://www.stjoes.ca/about/our-leadership/our-executive-team,h2_name_p_title,NA
HAMILTON ST JOSEPH'S,674,Teaching Hospital,Carrie Fletcher,NA,"Executive vice president, people, culture and strategy",2025-11-23,scraped,https://www.stjoes.ca/about/our-leadership/our-executive-team,h2_name_p_title,NA
HAMILTON ST JOSEPH'S,674,Teaching Hospital,Franca Vavaroutsos,NA,"Executive vice president, corporate services and chief financial officer",2025-11-23,scraped,https://www.stjoes.ca/about/our-leadership/our-executive-team,h2_name_p_title,NA
HAMILTON ST JOSEPH'S,674,Teaching Hospital,Dr. Sarah Jarmain,NA,"Executive vice president, medical and academic affairs and chief of staff",2025-11-23,scraped,https://www.stjoes.ca/about/our-leadership/our-executive-team,h2_name_p_title,NA
HAMILTON ST JOSEPH'S,674,Teaching Hospital,Dr. Lehana Thabane,NA,"Vice president, research",2025-11-23,scraped,https://www.stjoes.ca/about/our-leadership/our-executive-team,h2_name_p_title,NA
HAMILTON ST JOSEPH'S,674,Teaching Hospital,Dr. Azim Gangji,NA,"Vice president, education",2025-11-23,scraped,https://www.stjoes.ca/about/our-leadership/our-executive-team,h2_name_p_title,NA
HAMILTON ST JOSEPH'S,674,Teaching Hospital,Rick Badzioch,NA,"Vice president, renal, ambulatory services and clinical support programs",2025-11-23,scraped,https://www.stjoes.ca/about/our-leadership/our-executive-team,h2_name_p_title,NA
HAMILTON ST JOSEPH'S,674,Teaching Hospital,Dr. Randi McCabe,NA,"Vice president, mental health and addictions",2025-11-23,scraped,https://www.stjoes.ca/about/our-leadership/our-executive-team,h2_name_p_title,NA
HAMILTON ST JOSEPH'S,674,Teaching Hospital,Andriana Lukich,NA,"Vice president, strategic transformation, quality and data analytics",2025-11-23,scraped,https://www.stjoes.ca/about/our-leadership/our-executive-team,h2_name_p_title,NA
HAMILTON ST JOSEPH'S,674,Teaching Hospital,Tara Coxon,NA,"Vice president, chief information and cyber security officer",2025-11-23,scraped,https://www.stjoes.ca/about/our-leadership/our-executive-team,h2_name_p_title,NA
HAMILTON ST JOSEPH'S,674,Teaching Hospital,Karen Langstaff,NA,"Vice president, redevelopment, corporate support services and chief sustainability officer",2025-11-23,scraped,https://www.stjoes.ca/about/our-leadership/our-executive-team,h2_name_p_title,NA
HAMILTON ST JOSEPH'S,674,Teaching Hospital,Carly Weeks,NA,"Vice president, communications, public affairs and stakeholder relations",2025-11-23,scraped,https://www.stjoes.ca/about/our-leadership/our-executive-team,h2_name_p_title,NA
HAMILTON ST JOSEPH'S,674,Teaching Hospital,Michele Lawford,NA,General counsel and chief risk and privacy officer,2025-11-23,scraped,https://www.stjoes.ca/about/our-leadership/our-executive-team,h2_name_p_title,NA
HAMILTON ST JOSEPH'S,674,Teaching Hospital,Nadia Surani,NA,"Vice president, post-acute care and executive director, St. Joseph's Home Care",2025-11-23,scraped,https://www.stjoes.ca/about/our-leadership/our-executive-team,h2_name_p_title,NA
HAMILTON ST JOSEPH'S,674,Teaching Hospital,Dr. Mike Heenan,NA,"President and chief executive officer, St. Joseph's Health System",2025-11-23,scraped,https://www.stjoes.ca/about/our-leadership/our-executive-team,h2_name_p_title,NA
GUELPH ST JOSEPH'S HEALTH CENTRE,666,Small Hospital,John Woods,NA,Integrated President,2025-11-23,scraped,https://www.sjhcg.ca/welcome/our-leadership/,list_items,NA
GUELPH ST JOSEPH'S HEALTH CENTRE,666,Small Hospital,Melissa Skinner,NA,Vice President Clinical Services/Chief Nurse Executive,2025-11-23,scraped,https://www.sjhcg.ca/welcome/our-leadership/,list_items,NA
GUELPH ST JOSEPH'S HEALTH CENTRE,666,Small Hospital,Sandra Ramelli,NA,Vice President People & Strategy,2025-11-23,scraped,https://www.sjhcg.ca/welcome/our-leadership/,list_items,NA
GUELPH ST JOSEPH'S HEALTH CENTRE,666,Small Hospital,Lesley Borth,NA,Vice President & Administrator LTC,2025-11-23,scraped,https://www.sjhcg.ca/welcome/our-leadership/,list_items,NA
GUELPH ST JOSEPH'S HEALTH CENTRE,666,Small Hospital,Natalie Hovey,NA,Integrated VP Finance & Information Services/CFO,2025-11-23,scraped,https://www.sjhcg.ca/welcome/our-leadership/,list_items,NA
GUELPH ST JOSEPH'S HEALTH CENTRE,666,Small Hospital,Dr. Jennifer Caspers,NA,Chief of Staff,2025-11-23,scraped,https://www.sjhcg.ca/welcome/our-leadership/,list_items,NA
Huron HealthGODERICH ALEXANDRA MARINE & GEN,663,Small Hospital,Jimmy Trieu,NA,President & CEO,2025-11-23,scraped,https://www.huronhealthsystem.ca/leadership,h2_name_p_title,NA
Huron HealthGODERICH ALEXANDRA MARINE & GEN,663,Small Hospital,Lynn Higgs,NA,Chief Nursing Executive/Vice President of Clinical Care Services,2025-11-23,scraped,https://www.huronhealthsystem.ca/leadership,h2_name_p_title,NA
Huron HealthGODERICH ALEXANDRA MARINE & GEN,663,Small Hospital,Robert Lovecky,NA,Vice President of Finance and Chief Financial Officer,2025-11-23,scraped,https://www.huronhealthsystem.ca/leadership,h2_name_p_title,NA
Huron HealthGODERICH ALEXANDRA MARINE & GEN,663,Small Hospital,Dr. Shannon Natuik,NA,Chief of Staff (AMGH),2025-11-23,scraped,https://www.huronhealthsystem.ca/leadership,h2_name_p_title,NA
Huron HealthGODERICH ALEXANDRA MARINE & GEN,663,Small Hospital,Dr. Sean Ryan,NA,Chief of Staff (SHH),2025-11-23,scraped,https://www.huronhealthsystem.ca/leadership,h2_name_p_title,NA
GERALDTON DISTRICT HOSPITAL,662,Small Hospital,Joanne Hoffman,NA,"Director, Francophone",2025-11-23,scraped,https://www.geraldtondh.com/board-of-directors,table_rows,NA
GERALDTON DISTRICT HOSPITAL,662,Small Hospital,Darryl Galusha,NA,Chief Executive Officer,2025-11-23,scraped,https://www.geraldtondh.com/board-of-directors,table_rows,NA
GERALDTON DISTRICT HOSPITAL,662,Small Hospital,Monique Gosselin,NA,Chief Nursing Executive,2025-11-23,scraped,https://www.geraldtondh.com/board-of-directors,table_rows,NA
GERALDTON DISTRICT HOSPITAL,662,Small Hospital,Savana Marino,NA,Chief of Clinical Services,2025-11-23,scraped,https://www.geraldtondh.com/board-of-directors,table_rows,NA
GERALDTON DISTRICT HOSPITAL,662,Small Hospital,Ian McPherson,NA,Operations Support Manager,2025-11-23,scraped,https://www.geraldtondh.com/board-of-directors,table_rows,NA
WHCA Grove community hospital,656,Small Hospital,Dr. Matthew Westendorp,NA,"Ex-Officio, Chief of Staff",2025-11-23,scraped,https://gmch.whca.ca/board-of-directors,combined_h2,NA
WHCA Grove community hospital,656,Small Hospital,Dr. Morgan Kwiatkowski,NA,"Ex-Officio, President of Professional Staff Association",2025-11-23,scraped,https://gmch.whca.ca/board-of-directors,combined_h2,NA
WHCA Grove community hospital,656,Small Hospital,Angela Stanley,NA,President & CEO,2025-11-23,scraped,https://gmch.whca.ca/board-of-directors,combined_h2,NA
WHCA Grove community hospital,656,Small Hospital,Matt Smith,NA,"VP, Quality, Clinical Services & CNE",2025-11-23,scraped,https://gmch.whca.ca/board-of-directors,combined_h2,NA
Huron Health EXETER SOUTH HURON,655,Small Hospital,Jimmy Trieu,NA,President & CEO,2025-11-23,scraped,https://www.huronhealthsystem.ca/leadership,h2_name_p_title,NA
Huron Health EXETER SOUTH HURON,655,Small Hospital,Lynn Higgs,NA,Chief Nursing Executive/Vice President of Clinical Care Services,2025-11-23,scraped,https://www.huronhealthsystem.ca/leadership,h2_name_p_title,NA
Huron Health EXETER SOUTH HURON,655,Small Hospital,Robert Lovecky,NA,Vice President of Finance and Chief Financial Officer,2025-11-23,scraped,https://www.huronhealthsystem.ca/leadership,h2_name_p_title,NA
Huron Health EXETER SOUTH HURON,655,Small Hospital,Dr. Shannon Natuik,NA,Chief of Staff (AMGH),2025-11-23,scraped,https://www.huronhealthsystem.ca/leadership,h2_name_p_title,NA
Huron Health EXETER SOUTH HURON,655,Small Hospital,Dr. Sean Ryan,NA,Chief of Staff (SHH),2025-11-23,scraped,https://www.huronhealthsystem.ca/leadership,h2_name_p_title,NA
ESPANOLA GENERAL,654,Small Hospital,Jane Battistelli,RN,Chief Executive Officer,2025-11-23,scraped,https://espanolaregionalhospital.ca/about-erhhc/governance-and-leadership/senior-management-team,combined_h2,NA
ESPANOLA GENERAL,654,Small Hospital,Jennifer Stanton Smith,"CGA, CPA",Chief Financial Officer,2025-11-23,scraped,https://espanolaregionalhospital.ca/about-erhhc/governance-and-leadership/senior-management-team,combined_h2,NA
ESPANOLA GENERAL,654,Small Hospital,Anna Love,"RRT, BScN, MN",Chief Nursing Officer,2025-11-23,scraped,https://espanolaregionalhospital.ca/about-erhhc/governance-and-leadership/senior-management-team,combined_h2,NA
ESPANOLA GENERAL,654,Small Hospital,Marlo Desjardins,NA,Chief Human Resources Officer,2025-11-23,scraped,https://espanolaregionalhospital.ca/about-erhhc/governance-and-leadership/senior-management-team,combined_h2,NA
ESPANOLA GENERAL,654,Small Hospital,Dr. Aidan Wharton,NA,Chief of Staff & ED Medical Director,2025-11-23,scraped,https://espanolaregionalhospital.ca/about-erhhc/governance-and-leadership/senior-management-team,combined_h2,NA
Blanche River ENGLEHART & DISTRICT,653,Small Hospital,Jorge VanSlyke,NA,President and Chief Executive Officer,2025-11-23,scraped,https://www.blancheriverhealth.ca/about-us/leadership,div_classes,NA
Blanche River ENGLEHART & DISTRICT,653,Small Hospital,Samantha Saudino,NA,"Vice President, Clinical Services and Chief Nursing Officer",2025-11-23,scraped,https://www.blancheriverhealth.ca/about-us/leadership,div_classes,NA
Blanche River ENGLEHART & DISTRICT,653,Small Hospital,Barbara Effenberger,NA,"Vice President, Corporate Services and Chief Financial Officer",2025-11-23,scraped,https://www.blancheriverhealth.ca/about-us/leadership,div_classes,NA
Blanche River ENGLEHART & DISTRICT,653,Small Hospital,Dr. Brian McPherson,NA,Chief of Staff,2025-11-23,scraped,https://www.blancheriverhealth.ca/about-us/leadership,div_classes,NA
Blanche River ENGLEHART & DISTRICT,653,Small Hospital,Dr. Ted Jordan,NA,President of Medical Staff,2025-11-23,scraped,https://www.blancheriverhealth.ca/about-us/leadership,div_classes,NA
OTTAWA ROYAL OTTAWA (PSYCH),651,Specialty Mental Health Hospital,Cara Vaccarino,NA,President and CEO,2025-11-23,manual_entry,https://www.theroyal.ca/about-royal/leadership/senior-leadership-team,manual_entry_required,NA
OTTAWA ROYAL OTTAWA (PSYCH),651,Specialty Mental Health Hospital,Dr. Benoit Mulsant,NA,Interim Psychiatrist-in-Chief and Chief of Staff,2025-11-23,manual_entry,https://www.theroyal.ca/about-royal/leadership/senior-leadership-team,manual_entry_required,NA
OTTAWA ROYAL OTTAWA (PSYCH),651,Specialty Mental Health Hospital,Nyranne Martin,NA,Chief Operating Officer,2025-11-23,manual_entry,https://www.theroyal.ca/about-royal/leadership/senior-leadership-team,manual_entry_required,NA
OTTAWA ROYAL OTTAWA (PSYCH),651,Specialty Mental Health Hospital,Dr. Florence Dzierszinski,NA,"President & CEO, IMHR and VP of Research at The Royal",2025-11-23,manual_entry,https://www.theroyal.ca/about-royal/leadership/senior-leadership-team,manual_entry_required,NA
OTTAWA ROYAL OTTAWA (PSYCH),651,Specialty Mental Health Hospital,Chris Ide,NA,"President & CEO, Foundation and VP, Brand & Marketing",2025-11-23,manual_entry,https://www.theroyal.ca/about-royal/leadership/senior-leadership-team,manual_entry_required,NA
OTTAWA ROYAL OTTAWA (PSYCH),651,Specialty Mental Health Hospital,Linda Mohri,NA,"Senior VP, Patient Care Services",2025-11-23,manual_entry,https://www.theroyal.ca/about-royal/leadership/senior-leadership-team,manual_entry_required,NA
OTTAWA ROYAL OTTAWA (PSYCH),651,Specialty Mental Health Hospital,Laura MacDonald,NA,"VP, People and Culture",2025-11-23,manual_entry,https://www.theroyal.ca/about-royal/leadership/senior-leadership-team,manual_entry_required,NA
OTTAWA ROYAL OTTAWA (PSYCH),651,Specialty Mental Health Hospital,Carolyn Jodouin,NA,"VP, Finance",2025-11-23,manual_entry,https://www.theroyal.ca/about-royal/leadership/senior-leadership-team,manual_entry_required,NA
OTTAWA ROYAL OTTAWA (PSYCH),651,Specialty Mental Health Hospital,Kristina McGeough,NA,Executive Director,2025-11-23,manual_entry,https://www.theroyal.ca/about-royal/leadership/senior-leadership-team,manual_entry_required,NA
OTTAWA ROYAL OTTAWA (PSYCH),651,Specialty Mental Health Hospital,Domenic Ielo,NA,Executive Director and Interim Chief Nursing Executive,2025-11-23,manual_entry,https://www.theroyal.ca/about-royal/leadership/senior-leadership-team,manual_entry_required,NA
OTTAWA ROYAL OTTAWA (PSYCH),651,Specialty Mental Health Hospital,Stephanie Carter,NA,Executive Director,2025-11-23,manual_entry,https://www.theroyal.ca/about-royal/leadership/senior-leadership-team,manual_entry_required,NA
OTTAWA ROYAL OTTAWA (PSYCH),651,Specialty Mental Health Hospital,Andrea MacLean,NA,"Director, Communications",2025-11-23,manual_entry,https://www.theroyal.ca/about-royal/leadership/senior-leadership-team,manual_entry_required,NA
OTTAWA ROYAL OTTAWA (PSYCH),651,Specialty Mental Health Hospital,Dr. Floyd Wood,NA,"Interim, Medical Director, Integrated Forensics Program",2025-11-23,manual_entry,https://www.theroyal.ca/about-royal/leadership/senior-leadership-team,manual_entry_required,NA
ELLIOT LAKE ST JOSEPH'S,650,Small Hospital,Kelli-Ann Lemieux,NA,"President & CEO, Board Secretary-Treasurer",2025-11-23,manual_entry,https://sjghel.ca/about/governance-board/,manual_entry_required,NA
ELLIOT LAKE ST JOSEPH'S,650,Small Hospital,Dr. Todd Spencer,NA,Chief of Staff,2025-11-23,manual_entry,https://sjghel.ca/about/governance-board/,manual_entry_required,NA
ELLIOT LAKE ST JOSEPH'S,650,Small Hospital,Dr Chris Prescott,NA,Medical Staff President,2025-11-23,manual_entry,https://sjghel.ca/about/governance-board/,manual_entry_required,NA
ELLIOT LAKE ST JOSEPH'S,650,Small Hospital,Leslie Sanders,NA,Chief Nursing Executive,2025-11-23,manual_entry,https://sjghel.ca/about/governance-board/,manual_entry_required,NA
DUNNVILLE HALDIMAND WAR MEMORIAL,648,Small Hospital,Sharon Moore,NA,PRESIDENT AND CHIEF EXECUTIVE OFFICER,2025-11-23,scraped,https://www.hwmh.ca/about-us/senior-team/,h2_name_p_title,NA
DUNNVILLE HALDIMAND WAR MEMORIAL,648,Small Hospital,Devon Inglis,NA,VICE PRESIDENT AND CHIEF NURSING OFFICER,2025-11-23,scraped,https://www.hwmh.ca/about-us/senior-team/,h2_name_p_title,NA
DUNNVILLE HALDIMAND WAR MEMORIAL,648,Small Hospital,John Balca,NA,VICE PRESIDENT AND CHIEF FINANCIAL OFFICER,2025-11-23,scraped,https://www.hwmh.ca/about-us/senior-team/,h2_name_p_title,NA
DUNNVILLE HALDIMAND WAR MEMORIAL,648,Small Hospital,Tom Dorland,NA,"VP Diagnostic, Hospital Information Services",2025-11-23,scraped,https://www.hwmh.ca/about-us/senior-team/,h2_name_p_title,NA
DRYDEN REGIONAL HEALTH CENTRE,647,Small Hospital,Doreen Armstrong-Ross,NA,President & Chief Executive Officer Secretary of the Board,2025-11-23,scraped,https://www.drhc.on.ca/board,list_items,NA
DRYDEN REGIONAL HEALTH CENTRE,647,Small Hospital,Josee Duewel,NA,Chief Nursing Executive,2025-11-23,scraped,https://www.drhc.on.ca/board,list_items,NA
DRYDEN REGIONAL HEALTH CENTRE,647,Small Hospital,Dr. Bruce Cook,NA,Chief of Staff,2025-11-23,scraped,https://www.drhc.on.ca/board,list_items,NA
DRYDEN REGIONAL HEALTH CENTRE,647,Small Hospital,Dr. David Goulet,NA,President of the Medical Staff,2025-11-23,scraped,https://www.drhc.on.ca/board,list_items,NA
DEEP RIVER AND DISTRICT,646,Small Hospital,Janna Hotson,NA,President & Chief Executive Officer | Administrator,2025-11-23,scraped,https://www.drdh.org/leadershipteam,h2_name_p_title,NA
DEEP RIVER AND DISTRICT,646,Small Hospital,William Willard,NA,Executive Vice-President & Chief Financial Officer,2025-11-23,scraped,https://www.drdh.org/leadershipteam,h2_name_p_title,NA
DEEP RIVER AND DISTRICT,646,Small Hospital,Meagen Boisvenue,NA,Vice President of Clinical Services & Chief Nursing Executive,2025-11-23,scraped,https://www.drdh.org/leadershipteam,h2_name_p_title,NA
DEEP RIVER AND DISTRICT,646,Small Hospital,Darren Deering,NA,Vice President of People & Chief Human Resources Officer,2025-11-23,scraped,https://www.drdh.org/leadershipteam,h2_name_p_title,NA
Cornwall Hospital  CORNWALL HOTEL DIEU,644,Small Hospital,Jeanette Despatie,NA,President & Chief Executive Officer,2025-11-23,scraped,https://www.cornwallhospital.ca/en/SeniorAdmin,combined_h2,NA
Cornwall Hospital  CORNWALL HOTEL DIEU,644,Small Hospital,Dr. Anastasios Boubalos,NA,Chief of Staff,2025-11-23,scraped,https://www.cornwallhospital.ca/en/SeniorAdmin,combined_h2,NA
Cornwall Hospital  CORNWALL HOTEL DIEU,644,Small Hospital,Kelly Shaw,NA,Vice President of Patient Services& Chief Nursing Officer,2025-11-23,scraped,https://www.cornwallhospital.ca/en/SeniorAdmin,combined_h2,NA
Cornwall Hospital  CORNWALL HOTEL DIEU,644,Small Hospital,Ann Zeran,NA,Vice President of Community Programs,2025-11-23,scraped,https://www.cornwallhospital.ca/en/SeniorAdmin,combined_h2,NA
Cornwall Hospital  CORNWALL HOTEL DIEU,644,Small Hospital,Karin Hagen,NA,Chief Finance Officer,2025-11-23,scraped,https://www.cornwallhospital.ca/en/SeniorAdmin,combined_h2,NA
MICS GROUP COCHRANE LADY MINTO,638,Small Hospital,NA,NA,NA,2025-11-23,robotstxt_blocked,https://www.micsgroup.com/governance/board-of-directors/,p_with_br_list_reversed,NA
CHAPLEAU SER DE SANTÉ DE CHAPLEAU,627,Small Hospital,Natasha Comte,NA,Co-Chief Executive Officer / Director of Finances and Corporate Services,2025-11-23,manual_entry,https://www.sschs.ca/general/board.html,manual_entry_required,NA
CHAPLEAU SER DE SANTÉ DE CHAPLEAU,627,Small Hospital,Jamie Fiaschetti,NA,Co-Chief Executive Officer / Director of Clinical Services,2025-11-23,manual_entry,https://www.sschs.ca/general/board.html,manual_entry_required,NA
CHAPLEAU SER DE SANTÉ DE CHAPLEAU,627,Small Hospital,Dr. Kendra Saari,NA,Chief of Medical Staff,2025-11-23,manual_entry,https://www.sschs.ca/general/board.html,manual_entry_required,NA
MRHA CARLETON PLACE & DISTRICT,626,Small Hospital,Brad Harrington,NA,President & CEO,2025-11-23,scraped,https://www.mrha.ca/seniorteam,h2_name_h3_title,NA
MRHA CARLETON PLACE & DISTRICT,626,Small Hospital,Brad Hilker,NA,Vice President & CFO,2025-11-23,scraped,https://www.mrha.ca/seniorteam,h2_name_h3_title,NA
MRHA CARLETON PLACE & DISTRICT,626,Small Hospital,Lianne Learmonth,NA,"Vice President, Patient & Resident Services and Chief Nursing Executive",2025-11-23,scraped,https://www.mrha.ca/seniorteam,h2_name_h3_title,NA
MRHA CARLETON PLACE & DISTRICT,626,Small Hospital,James Hildebrand,NA,Vice President of Capital Development and Support Services,2025-11-23,scraped,https://www.mrha.ca/seniorteam,h2_name_h3_title,NA
MRHA CARLETON PLACE & DISTRICT,626,Small Hospital,Sarah Cousineau,NA,"Vice President Human Resources, Occupational Health & Safety and Diagnostic Services",2025-11-23,scraped,https://www.mrha.ca/seniorteam,h2_name_h3_title,NA
MRHA CARLETON PLACE & DISTRICT,626,Small Hospital,Dr. Allyson Champagne,NA,CPDMH Chief of Staff,2025-11-23,scraped,https://www.mrha.ca/seniorteam,h2_name_h3_title,NA
MRHA CARLETON PLACE & DISTRICT,626,Small Hospital,Dr. Melanie Fortune,NA,AGH Chief of Staff,2025-11-23,scraped,https://www.mrha.ca/seniorteam,h2_name_h3_title,NA
BLIND RIVER NORTH SHORE HN,611,Small Hospital,NA,NA,NA,2025-11-23,failed,https://www.nshn.care/senior-leadership-team,h2_name_p_title,NA
GUELPH HOMEWOOD,601,Specialty Mental Health Hospital,Jagoda Pike,NA,"President & CEO, Homewood Health Inc. and CEO, Homewood Health Centre",2025-11-23,scraped,https://homewoodhealth.com/home/about-us/leadership/,combined_h2,NA
GUELPH HOMEWOOD,601,Specialty Mental Health Hospital,Dr. Carlos Lalonde,NA,"President & Chief of Staff, Homewood Health Centre and EVP, Medical Services, Homewood Health Inc.",2025-11-23,scraped,https://homewoodhealth.com/home/about-us/leadership/,combined_h2,NA
GUELPH HOMEWOOD,601,Specialty Mental Health Hospital,Jared Landry,NA,Executive Vice President & Chief Commercial Officer,2025-11-23,scraped,https://homewoodhealth.com/home/about-us/leadership/,combined_h2,NA
GUELPH HOMEWOOD,601,Specialty Mental Health Hospital,Luka Pike,NA,"EVP, Workplace Mental Health",2025-11-23,scraped,https://homewoodhealth.com/home/about-us/leadership/,combined_h2,NA
GUELPH HOMEWOOD,601,Specialty Mental Health Hospital,Nikhil Sonpal,NA,"EVP, Digital Solutions & Chief Technology Officer",2025-11-23,scraped,https://homewoodhealth.com/home/about-us/leadership/,combined_h2,NA
GUELPH HOMEWOOD,601,Specialty Mental Health Hospital,Kimberly Mirotta,NA,"EVP, Finance & Administration",2025-11-23,scraped,https://homewoodhealth.com/home/about-us/leadership/,combined_h2,NA
GUELPH HOMEWOOD,601,Specialty Mental Health Hospital,Angela Slade,NA,"EVP, People & Culture",2025-11-23,scraped,https://homewoodhealth.com/home/about-us/leadership/,combined_h2,NA
ARNPRIOR & DISTRICT MEMORIAL,599,Small Hospital,Jeremy V. Stevenson,NA,President & CEO,2025-11-23,scraped,https://www.arnpriorregionalhealth.ca/about-us/,div_classes,NA
ARNPRIOR & DISTRICT MEMORIAL,599,Small Hospital,Dr. Kathi Kovacs,NA,Chief of Staff,2025-11-23,scraped,https://www.arnpriorregionalhealth.ca/about-us/,div_classes,NA
ARNPRIOR & DISTRICT MEMORIAL,599,Small Hospital,Jeff Letourneau,NA,"Vice President, Finance & Support Services, Chief Financial Officer",2025-11-23,scraped,https://www.arnpriorregionalhealth.ca/about-us/,div_classes,NA
ARNPRIOR & DISTRICT MEMORIAL,599,Small Hospital,Andrea McClymont,NA,"Vice President, HR",2025-11-23,scraped,https://www.arnpriorregionalhealth.ca/about-us/,div_classes,NA
ARNPRIOR & DISTRICT MEMORIAL,599,Small Hospital,Jennifer Powley,NA,"Vice President, Seniors Care, Long Term Care & Community Programs",2025-11-23,scraped,https://www.arnpriorregionalhealth.ca/about-us/,div_classes,NA
ALMONTE GENERAL,597,Small Hospital,Brad Harrington,NA,President & CEO,2025-11-23,scraped,https://www.mrha.ca/seniorteam,h2_name_h3_title,NA
ALMONTE GENERAL,597,Small Hospital,Brad Hilker,NA,Vice President & CFO,2025-11-23,scraped,https://www.mrha.ca/seniorteam,h2_name_h3_title,NA
ALMONTE GENERAL,597,Small Hospital,Lianne Learmonth,NA,"Vice President, Patient & Resident Services and Chief Nursing Executive",2025-11-23,scraped,https://www.mrha.ca/seniorteam,h2_name_h3_title,NA
ALMONTE GENERAL,597,Small Hospital,James Hildebrand,NA,Vice President of Capital Development and Support Services,2025-11-23,scraped,https://www.mrha.ca/seniorteam,h2_name_h3_title,NA
ALMONTE GENERAL,597,Small Hospital,Sarah Cousineau,NA,"Vice President Human Resources, Occupational Health & Safety and Diagnostic Services",2025-11-23,scraped,https://www.mrha.ca/seniorteam,h2_name_h3_title,NA
ALMONTE GENERAL,597,Small Hospital,Dr. Allyson Champagne,NA,CPDMH Chief of Staff,2025-11-23,scraped,https://www.mrha.ca/seniorteam,h2_name_h3_title,NA
ALMONTE GENERAL,597,Small Hospital,Dr. Melanie Fortune,NA,AGH Chief of Staff,2025-11-23,scraped,https://www.mrha.ca/seniorteam,h2_name_h3_title,NA
Middlesex Hospital Alliance NEWBURY FOUR COUNTIES HEALTH SERV.,593,Small Hospital,Julie McBrien,NA,President & Chief Executive Officer,2025-11-23,scraped,https://mhalliance.on.ca/about/administration/,combined_h2,NA
Middlesex Hospital Alliance NEWBURY FOUR COUNTIES HEALTH SERV.,593,Small Hospital,Dr. Elisheva Chernick,NA,"Vice President Medical Affairs, Chief of Staff",2025-11-23,scraped,https://mhalliance.on.ca/about/administration/,combined_h2,NA
Middlesex Hospital Alliance NEWBURY FOUR COUNTIES HEALTH SERV.,593,Small Hospital,Devin Sturdy,NA,"Vice President Corporate Services, Chief Financial Officer",2025-11-23,scraped,https://mhalliance.on.ca/about/administration/,combined_h2,NA
Middlesex Hospital Alliance NEWBURY FOUR COUNTIES HEALTH SERV.,593,Small Hospital,Krista Shea,NA,Vice President Clinical Services & Chief Nursing Officer,2025-11-23,scraped,https://mhalliance.on.ca/about/administration/,combined_h2,NA
Middlesex Hospital Alliance NEWBURY FOUR COUNTIES HEALTH SERV.,593,Small Hospital,Ryan Whitney,NA,"Director of Facilities, Redevelopment & Support Services",2025-11-23,scraped,https://mhalliance.on.ca/about/administration/,combined_h2,NA
Middlesex Hospital Alliance NEWBURY FOUR COUNTIES HEALTH SERV.,593,Small Hospital,Tracy Wintermute,NA,Director Human Resources & People,2025-11-23,scraped,https://mhalliance.on.ca/about/administration/,combined_h2,NA
NAPANEE LENNOX & ADDINGTON,592,Small Hospital,Mr. Mike Bell,NA,Secretary/President & CEO,2025-11-23,scraped,https://web.lacgh.napanee.on.ca/about/governance/,combined_h2,NA
NAPANEE LENNOX & ADDINGTON,592,Small Hospital,Ms. Kristen Rochon,NA,"Vice President, Patient & Resident Services and Chief Nursing Officer",2025-11-23,scraped,https://web.lacgh.napanee.on.ca/about/governance/,combined_h2,NA
NAPANEE LENNOX & ADDINGTON,592,Small Hospital,Dr. Zachary Warren,NA,Chief of Medical Staff,2025-11-23,scraped,https://web.lacgh.napanee.on.ca/about/governance/,combined_h2,NA
NAPANEE LENNOX & ADDINGTON,592,Small Hospital,Dr. Heather Khey Beldman,NA,President of Medical Staff,2025-11-23,scraped,https://web.lacgh.napanee.on.ca/about/governance/,combined_h2,NA
NAPANEE LENNOX & ADDINGTON,592,Small Hospital,Ms. Denice Forbes,NA,President of Volunteer Services,2025-11-23,scraped,https://web.lacgh.napanee.on.ca/about/governance/,combined_h2,NA
HUNTSVILLE MUSKOKA ALGONQUIN HC,968,Large Community Hospital,Email Cheryl Harrison,NA,President & Chief Executive Officer |BR| Phone:,2025-11-23,scraped,https://www.mahc.ca/about-us/leadership/,combined_h2,NA
HUNTSVILLE MUSKOKA ALGONQUIN HC,968,Large Community Hospital,Email Dr. Khaled Abdel-Razek,NA,Chief of Staff |BR| Phone:,2025-11-23,scraped,https://www.mahc.ca/about-us/leadership/,combined_h2,NA
HUNTSVILLE MUSKOKA ALGONQUIN HC,968,Large Community Hospital,Email Diane George,NA,"Vice President, Integrated Care, Patient Services, Quality & Chief Nursing Executive |BR| Phone:",2025-11-23,scraped,https://www.mahc.ca/about-us/leadership/,combined_h2,NA
HUNTSVILLE MUSKOKA ALGONQUIN HC,968,Large Community Hospital,Email Alasdair Smith,NA,"Vice President, Corporate Services & Chief Financial Officer |BR| Phone:",2025-11-23,scraped,https://www.mahc.ca/about-us/leadership/,combined_h2,NA
HUNTSVILLE MUSKOKA ALGONQUIN HC,968,Large Community Hospital,Email Mary Silverthorn,NA,"Vice President, People, Communications, Stakeholder Relations & Chief Human Resources Officer |BR| Phone:",2025-11-23,scraped,https://www.mahc.ca/about-us/leadership/,combined_h2,title_length_warning
HUNTSVILLE MUSKOKA ALGONQUIN HC,968,Large Community Hospital,Dr. Kirsten Jewell,NA,"Interim Director & Chief, Emergency Medicine",2025-11-23,scraped,https://www.mahc.ca/about-us/leadership/,combined_h2,NA
HUNTSVILLE MUSKOKA ALGONQUIN HC,968,Large Community Hospital,Dr. Hector Roldan,NA,"Chief, Surgery",2025-11-23,scraped,https://www.mahc.ca/about-us/leadership/,combined_h2,NA
HUNTSVILLE MUSKOKA ALGONQUIN HC,968,Large Community Hospital,Dr. Sheena Branigan,NA,"Director & Chief, Obstetrics",2025-11-23,scraped,https://www.mahc.ca/about-us/leadership/,combined_h2,NA
HUNTSVILLE MUSKOKA ALGONQUIN HC,968,Large Community Hospital,Dr. Cole Krensky,NA,"Chief, Family Medicine, SMMH",2025-11-23,scraped,https://www.mahc.ca/about-us/leadership/,combined_h2,NA
HUNTSVILLE MUSKOKA ALGONQUIN HC,968,Large Community Hospital,Dr. Melanie Mar,NA,"Chief, Family Medicine, HDMH",2025-11-23,scraped,https://www.mahc.ca/about-us/leadership/,combined_h2,NA
HUNTSVILLE MUSKOKA ALGONQUIN HC,968,Large Community Hospital,Dr. Jason Blaichman,NA,"Director & Chief, Diagnostic Imaging",2025-11-23,scraped,https://www.mahc.ca/about-us/leadership/,combined_h2,NA
HUNTSVILLE MUSKOKA ALGONQUIN HC,968,Large Community Hospital,Dr. Khal Salem,NA,"Chief, Internal Medicine",2025-11-23,scraped,https://www.mahc.ca/about-us/leadership/,combined_h2,NA
HUNTSVILLE MUSKOKA ALGONQUIN HC,968,Large Community Hospital,Dr. David Johnstone,NA,"Chair, Pharmacy & Therapeutics",2025-11-23,scraped,https://www.mahc.ca/about-us/leadership/,combined_h2,NA
HUNTSVILLE MUSKOKA ALGONQUIN HC,968,Large Community Hospital,Dr. Nick Biasutti,NA,Chief Medical Information Officer,2025-11-23,scraped,https://www.mahc.ca/about-us/leadership/,combined_h2,NA
HUNTSVILLE MUSKOKA ALGONQUIN HC,968,Large Community Hospital,Dr. John Penswick,NA,"Director, Laboratory Medicine",2025-11-23,scraped,https://www.mahc.ca/about-us/leadership/,combined_h2,NA
HUNTSVILLE MUSKOKA ALGONQUIN HC,968,Large Community Hospital,Dr. Helen Dempster,NA,President,2025-11-23,scraped,https://www.mahc.ca/about-us/leadership/,combined_h2,NA
HUNTSVILLE MUSKOKA ALGONQUIN HC,968,Large Community Hospital,Dr. Rohit Gupta,NA,Vice President/Secretary,2025-11-23,scraped,https://www.mahc.ca/about-us/leadership/,combined_h2,NA
ATIKOKAN GENERAL HOSPITAL,600,Small Hospital,Jennifer Learning,NA,"Chief Executive Officer, President",2025-11-23,scraped,https://aghospital.on.ca/about/board-of-directors/,combined_h2,NA
ATIKOKAN GENERAL HOSPITAL,600,Small Hospital,Stacey Wood,NA,Chief Nursing Officer,2025-11-23,scraped,https://aghospital.on.ca/about/board-of-directors/,combined_h2,NA
ATIKOKAN GENERAL HOSPITAL,600,Small Hospital,Sara Van Der Loo,NA,Chief of Staff,2025-11-23,scraped,https://aghospital.on.ca/about/board-of-directors/,combined_h2,NA
ATIKOKAN GENERAL HOSPITAL,600,Small Hospital,Blake Homer,NA,Chief Financial Officer,2025-11-23,scraped,https://aghospital.on.ca/about/board-of-directors/,combined_h2,NA
CORNWALL COMMUNITY,967,Large Community Hospital,Jeanette Despatie,NA,President & Chief Executive Officer,2025-11-23,scraped,https://www.cornwallhospital.ca/en/SeniorAdmin,combined_h2,NA
CORNWALL COMMUNITY,967,Large Community Hospital,Dr. Anastasios Boubalos,NA,Chief of Staff,2025-11-23,scraped,https://www.cornwallhospital.ca/en/SeniorAdmin,combined_h2,NA
CORNWALL COMMUNITY,967,Large Community Hospital,Kelly Shaw,NA,Vice President of Patient Services& Chief Nursing Officer,2025-11-23,scraped,https://www.cornwallhospital.ca/en/SeniorAdmin,combined_h2,NA
CORNWALL COMMUNITY,967,Large Community Hospital,Ann Zeran,NA,Vice President of Community Programs,2025-11-23,scraped,https://www.cornwallhospital.ca/en/SeniorAdmin,combined_h2,NA
CORNWALL COMMUNITY,967,Large Community Hospital,Karin Hagen,NA,Chief Finance Officer,2025-11-23,scraped,https://www.cornwallhospital.ca/en/SeniorAdmin,combined_h2,NA
SARNIA BLUEWATER HEALTH,966,Large Community Hospital,Paula Reaume-Zimmer,NA,President & CEO,2025-11-23,manual_entry,https://www.bluewaterhealth.ca/executive-team,manual_entry_required,NA
SARNIA BLUEWATER HEALTH,966,Large Community Hospital,Dr. Michel Haddad,NA,Chief of Staff,2025-11-23,manual_entry,https://www.bluewaterhealth.ca/executive-team,manual_entry_required,NA
SARNIA BLUEWATER HEALTH,966,Large Community Hospital,Bob DeRaad,NA,"Vice-President, Clinical Services",2025-11-23,manual_entry,https://www.bluewaterhealth.ca/executive-team,manual_entry_required,NA
SARNIA BLUEWATER HEALTH,966,Large Community Hospital,Marlene Kerwin,NA,"Vice-President, Corporate Services and Chief Financial Officer",2025-11-23,manual_entry,https://www.bluewaterhealth.ca/executive-team,manual_entry_required,NA
SARNIA BLUEWATER HEALTH,966,Large Community Hospital,Jane Mathews,NA,Vice-President Clinical Support Services and Chief Nursing Executive,2025-11-23,manual_entry,https://www.bluewaterhealth.ca/executive-team,manual_entry_required,NA
SARNIA BLUEWATER HEALTH,966,Large Community Hospital,Lisa Regan,NA,"Vice-President, Care Transitions",2025-11-23,manual_entry,https://www.bluewaterhealth.ca/executive-team,manual_entry_required,NA
SAULT STE MARIE SAULT AREA,965,Large Community Hospital,Ila Watson,NA,President and CEO,2025-11-23,scraped,https://sah.on.ca/about/hospital-leadership/senior-leadership-team/,h2_name_p_title,NA
SAULT STE MARIE SAULT AREA,965,Large Community Hospital,Dr. John Heintzman,NA,Chief of Staff,2025-11-23,scraped,https://sah.on.ca/about/hospital-leadership/senior-leadership-team/,h2_name_p_title,NA
SAULT STE MARIE SAULT AREA,965,Large Community Hospital,Shauna Hynna,NA,"Vice President People, Planning and Partnerships",2025-11-23,scraped,https://sah.on.ca/about/hospital-leadership/senior-leadership-team/,h2_name_p_title,NA
SAULT STE MARIE SAULT AREA,965,Large Community Hospital,Mindy Lindstedt,NA,"Vice President, Chief Nursing Executive",2025-11-23,scraped,https://sah.on.ca/about/hospital-leadership/senior-leadership-team/,h2_name_p_title,NA
SAULT STE MARIE SAULT AREA,965,Large Community Hospital,Dr. Stephen Smith,NA,Vice President Medical Affairs,2025-11-23,scraped,https://sah.on.ca/about/hospital-leadership/senior-leadership-team/,h2_name_p_title,NA
SAULT STE MARIE SAULT AREA,965,Large Community Hospital,Greg Zambusi,NA,Vice President Corporate Services and Chief Financial Officer,2025-11-23,scraped,https://sah.on.ca/about/hospital-leadership/senior-leadership-team/,h2_name_p_title,NA
ST CATHARINES NIAGARA HEALTH SYSTEM,962,Large Community Hospital,Lynn Guerriero,NA,President and Chief Executive Officer,2025-11-23,scraped,https://www.niagarahealth.on.ca/site/leadership-team,h2_name_p_title,NA
ST CATHARINES NIAGARA HEALTH SYSTEM,962,Large Community Hospital,Simon Akinsulie,NA,"Executive Vice-President, Practice, Clinical Support & Chief Nursing Executive",2025-11-23,scraped,https://www.niagarahealth.on.ca/site/leadership-team,h2_name_p_title,NA
ST CATHARINES NIAGARA HEALTH SYSTEM,962,Large Community Hospital,Harpreet Bassi,NA,"Executive Vice-President, Strategy, Research and Redevelopment",2025-11-23,scraped,https://www.niagarahealth.on.ca/site/leadership-team,h2_name_p_title,NA
ST CATHARINES NIAGARA HEALTH SYSTEM,962,Large Community Hospital,Linda Boich,NA,"Executive Vice-President, Patient Experience and Integrated Care",2025-11-23,scraped,https://www.niagarahealth.on.ca/site/leadership-team,h2_name_p_title,NA
ST CATHARINES NIAGARA HEALTH SYSTEM,962,Large Community Hospital,Dr. Kevin Chan,NA,"Executive Vice-President, Medical; Chief of Staff",2025-11-23,scraped,https://www.niagarahealth.on.ca/site/leadership-team,h2_name_p_title,NA
ST CATHARINES NIAGARA HEALTH SYSTEM,962,Large Community Hospital,Anthony DiCaita,NA,"Executive Vice-President, Corporate Services; Chief Financial Officer",2025-11-23,scraped,https://www.niagarahealth.on.ca/site/leadership-team,h2_name_p_title,NA
ST CATHARINES NIAGARA HEALTH SYSTEM,962,Large Community Hospital,Sonali Kohli,NA,"Executive Vice-President, Digital Transformation; Chief Information Officer",2025-11-23,scraped,https://www.niagarahealth.on.ca/site/leadership-team,h2_name_p_title,NA
ST CATHARINES NIAGARA HEALTH SYSTEM,962,Large Community Hospital,Heather Paterson,NA,"Executive Vice-President, Clinical Operations",2025-11-23,scraped,https://www.niagarahealth.on.ca/site/leadership-team,h2_name_p_title,NA
ST CATHARINES NIAGARA HEALTH SYSTEM,962,Large Community Hospital,Fiona Peacefull,NA,"Executive Vice-President, Human Resources",2025-11-23,scraped,https://www.niagarahealth.on.ca/site/leadership-team,h2_name_p_title,NA
GREY BRUCE HEALTH SERVICES  Brightshores,955,Large Community Hospital,Ann Ford,NA,President & Chief Executive Officer (519) 376-2121 Ext. 2801,2025-11-23,scraped,https://www.brightshores.ca/about-us/executive-team/,combined_h2,NA
GREY BRUCE HEALTH SERVICES  Brightshores,955,Large Community Hospital,Loni Zuppinger,NA,Executive Assistant & Board Liaison (519) 376-2121 Ext. 2801,2025-11-23,scraped,https://www.brightshores.ca/about-us/executive-team/,combined_h2,NA
GREY BRUCE HEALTH SERVICES  Brightshores,955,Large Community Hospital,Rebecca Cummings,NA,"VP, Corporate Services, COO, CPO, CHRO (519) 376-2121 Ext. 2310",2025-11-23,scraped,https://www.brightshores.ca/about-us/executive-team/,combined_h2,NA
GREY BRUCE HEALTH SERVICES  Brightshores,955,Large Community Hospital,Beth Morris,NA,"VP Clinical Programs, Quality & Chief Nursing Executive",2025-11-23,scraped,https://www.brightshores.ca/about-us/executive-team/,combined_h2,NA
GREY BRUCE HEALTH SERVICES  Brightshores,955,Large Community Hospital,Lisa Pires,NA,"VP, Finance & Development, CFO",2025-11-23,scraped,https://www.brightshores.ca/about-us/executive-team/,combined_h2,NA
GREY BRUCE HEALTH SERVICES  Brightshores,955,Large Community Hospital,Tim Pemberton,NA,"VP, Digital Health & Technology, CIO, CPO",2025-11-23,scraped,https://www.brightshores.ca/about-us/executive-team/,combined_h2,NA
GREY BRUCE HEALTH SERVICES  Brightshores,955,Large Community Hospital,Dr. Michael Williams,NA,Vice President of Medical Affairs,2025-11-23,scraped,https://www.brightshores.ca/about-us/executive-team/,combined_h2,NA
GREY BRUCE HEALTH SERVICES  Brightshores,955,Large Community Hospital,Dr. Cornelius Van Zyl,NA,"Chief of Medical StaffMarta Monck, Administrative Assistant to VP Medical Affairs, Chief of Medical Staff (519) 376-2121 Ext. 2807",2025-11-23,scraped,https://www.brightshores.ca/about-us/executive-team/,combined_h2,title_length_warning
HALTON HEALTHCARE,950,Large Community Hospital,Melissa Farrell,NA,President & CEO,2025-11-23,scraped,https://www.haltonhealthcare.on.ca/about/leadership-team/executive-leadership-team,combined_h2,NA
HALTON HEALTHCARE,950,Large Community Hospital,Dr. David McConachie,NA,Chief of Staff,2025-11-23,scraped,https://www.haltonhealthcare.on.ca/about/leadership-team/executive-leadership-team,combined_h2,NA
HALTON HEALTHCARE,950,Large Community Hospital,Thomas Ferns,NA,"General Counsel & Chief Legal, Risk and Privacy Officer",2025-11-23,scraped,https://www.haltonhealthcare.on.ca/about/leadership-team/executive-leadership-team,combined_h2,NA
HALTON HEALTHCARE,950,Large Community Hospital,Brendan Kwolek,NA,Chief Information and Digital Officer,2025-11-23,scraped,https://www.haltonhealthcare.on.ca/about/leadership-team/executive-leadership-team,combined_h2,NA
HALTON HEALTHCARE,950,Large Community Hospital,Michele Leroux,NA,Chief Human Resources Officer,2025-11-23,scraped,https://www.haltonhealthcare.on.ca/about/leadership-team/executive-leadership-team,combined_h2,NA
HALTON HEALTHCARE,950,Large Community Hospital,Dr. Ian Preyra,NA,"Vice President, Medical and Academic Affairs",2025-11-23,scraped,https://www.haltonhealthcare.on.ca/about/leadership-team/executive-leadership-team,combined_h2,NA
HALTON HEALTHCARE,950,Large Community Hospital,Adrienne Spafford,NA,"Chief Communications Officer and Vice President, Strategy & Partnerships",2025-11-23,scraped,https://www.haltonhealthcare.on.ca/about/leadership-team/executive-leadership-team,combined_h2,NA
HALTON HEALTHCARE,950,Large Community Hospital,Dr. Cheryl Williams,NA,"Executive Vice President, Clinical Operations, and Chief Nursing Executive",2025-11-23,scraped,https://www.haltonhealthcare.on.ca/about/leadership-team/executive-leadership-team,combined_h2,NA
HALTON HEALTHCARE,950,Large Community Hospital,Llyod Noronha,NA,"Executive Vice President, Corporate Services, and Chief Financial Officer",2025-11-23,scraped,https://www.haltonhealthcare.on.ca/about/leadership-team/executive-leadership-team,combined_h2,NA
HALTON HEALTHCARE,950,Large Community Hospital,Jody Strik,NA,Clinical Vice President,2025-11-23,scraped,https://www.haltonhealthcare.on.ca/about/leadership-team/executive-leadership-team,combined_h2,NA
HALTON HEALTHCARE,950,Large Community Hospital,Clint Atendido,NA,Clinical Vice President,2025-11-23,scraped,https://www.haltonhealthcare.on.ca/about/leadership-team/executive-leadership-team,combined_h2,NA
HALTON HEALTHCARE,950,Large Community Hospital,Al Coady,NA,"Senior Vice President Redevelopment, Facilities & Retail Operations",2025-11-23,scraped,https://www.haltonhealthcare.on.ca/about/leadership-team/executive-leadership-team,combined_h2,NA
COBOURG NORTHUMBERLAND HILLS,940,Large Community Hospital,"Susan B. Walsh, FCCHL","RN, MSc, MBA",President and Chief Executive Officer,2025-11-23,scraped,https://nhh.ca/AboutNHH/senior-leadership-team,h2_name_h3_title,NA
COBOURG NORTHUMBERLAND HILLS,940,Large Community Hospital,Dr. Pavel (Paul) Ketov,NA,Chief of Staff,2025-11-23,scraped,https://nhh.ca/AboutNHH/senior-leadership-team,h2_name_h3_title,NA
COBOURG NORTHUMBERLAND HILLS,940,Large Community Hospital,Kate Zimmerman,"RN, MHS, CHE","Vice President, Integrated Care and Chief Nursing Executive",2025-11-23,scraped,https://nhh.ca/AboutNHH/senior-leadership-team,h2_name_h3_title,NA
COBOURG NORTHUMBERLAND HILLS,940,Large Community Hospital,Judy Fleming,"RN, MN","Vice President, Digital Health, Analytics and Chief Clinical Information Officer",2025-11-23,scraped,https://nhh.ca/AboutNHH/senior-leadership-team,h2_name_h3_title,NA
COBOURG NORTHUMBERLAND HILLS,940,Large Community Hospital,"Jennifer Gillard (Hons), ABC","BA, MA","Vice President, Patient Experience, Public Affairs and Strategic Partnerships",2025-11-23,scraped,https://nhh.ca/AboutNHH/senior-leadership-team,h2_name_h3_title,NA
COBOURG NORTHUMBERLAND HILLS,940,Large Community Hospital,Dee Perera,"FCPA, FCMA","Interim Vice President, Finance and Chief Financial Officer",2025-11-23,scraped,https://nhh.ca/AboutNHH/senior-leadership-team,h2_name_h3_title,NA
COBOURG NORTHUMBERLAND HILLS,940,Large Community Hospital,Lola Obomighie,"MSc, CAPM, MCIPD, CHRL, CHRE","Vice President People, Culture & Organizational Effectiveness",2025-11-23,scraped,https://nhh.ca/AboutNHH/senior-leadership-team,h2_name_h3_title,NA
PARRY SOUND WEST PARRY SOUND,931,Large Community Hospital,Donald Sanderson,NA,Chief Executive Officer,2025-11-23,scraped,https://www.wpshc.com/about-us/our-senior-leadership-team/,div_classes,NA
PARRY SOUND WEST PARRY SOUND,931,Large Community Hospital,Victoria Langley,NA,Chief Nursing Officer,2025-11-23,scraped,https://www.wpshc.com/about-us/our-senior-leadership-team/,div_classes,NA
PARRY SOUND WEST PARRY SOUND,931,Large Community Hospital,Heidi Stephenson,NA,Chief Operating Officer,2025-11-23,scraped,https://www.wpshc.com/about-us/our-senior-leadership-team/,div_classes,NA
PARRY SOUND WEST PARRY SOUND,931,Large Community Hospital,Cara Rankin,NA,Director of Nursing,2025-11-23,scraped,https://www.wpshc.com/about-us/our-senior-leadership-team/,div_classes,NA
PARRY SOUND WEST PARRY SOUND,931,Large Community Hospital,Laura Laaksonen,NA,Director of Clinical Programs and Quality,2025-11-23,scraped,https://www.wpshc.com/about-us/our-senior-leadership-team/,div_classes,NA
PARRY SOUND WEST PARRY SOUND,931,Large Community Hospital,Lindsay Moffat,NA,Director of Finance,2025-11-23,scraped,https://www.wpshc.com/about-us/our-senior-leadership-team/,div_classes,NA
PARRY SOUND WEST PARRY SOUND,931,Large Community Hospital,Wendy Richardson,NA,Director of Human Resources,2025-11-23,scraped,https://www.wpshc.com/about-us/our-senior-leadership-team/,div_classes,NA
PARRY SOUND WEST PARRY SOUND,931,Large Community Hospital,Jim Hanna,NA,Director of Transformation and Strategic Partnerships,2025-11-23,scraped,https://www.wpshc.com/about-us/our-senior-leadership-team/,div_classes,NA
PARRY SOUND WEST PARRY SOUND,931,Large Community Hospital,Dr. Wil Smith,NA,Chief of Medical Staff,2025-11-23,scraped,https://www.wpshc.com/about-us/our-senior-leadership-team/,div_classes,NA
PARRY SOUND WEST PARRY SOUND,931,Large Community Hospital,Dr. Jonathan Witt,NA,President of Medical Staff,2025-11-23,scraped,https://www.wpshc.com/about-us/our-senior-leadership-team/,div_classes,NA
HEADWATERS,916,Large Community Hospital,Kim Delahunt,NA,President & Chief Executive Officer,2025-11-23,scraped,https://www.headwatershealth.ca/who-we-are/governance/executive-leadership-team/,h2_name_p_title,NA
HEADWATERS,916,Large Community Hospital,"Dr. Grace Wang, FRSC",MD,"Chief of Staff & Vice President, Medical Affairs",2025-11-23,scraped,https://www.headwatershealth.ca/who-we-are/governance/executive-leadership-team/,h2_name_p_title,NA
HEADWATERS,916,Large Community Hospital,Cathy van Leipsig,NA,"Vice President, Corporate Services & Chief Financial Officer",2025-11-23,scraped,https://www.headwatershealth.ca/who-we-are/governance/executive-leadership-team/,h2_name_p_title,NA
HEADWATERS,916,Large Community Hospital,Annette Jones,NA,"Vice President Patient Experience, Health Integration, Chief Nursing and Health Disciplines Executive (CNE)",2025-11-23,scraped,https://www.headwatershealth.ca/who-we-are/governance/executive-leadership-team/,h2_name_p_title,title_length_warning
HEADWATERS,916,Large Community Hospital,Frances Duiker,NA,"Vice President, People and Culture",2025-11-23,scraped,https://www.headwatershealth.ca/who-we-are/governance/executive-leadership-team/,h2_name_p_title,NA
PERTH SMITHS FALLS,928,Large Community Hospital,Michael Cohen,NA,President & CEO,2025-11-23,scraped,https://psfdh.on.ca/leadershipteam,combined_h2,NA
PERTH SMITHS FALLS,928,Large Community Hospital,Erin Farrell,NA,"Vice President, Financial and Support Services",2025-11-23,scraped,https://psfdh.on.ca/leadershipteam,combined_h2,NA
PERTH SMITHS FALLS,928,Large Community Hospital,Brian Smith,NA,"Vice President, Patient Care Services",2025-11-23,scraped,https://psfdh.on.ca/leadershipteam,combined_h2,NA
PERTH SMITHS FALLS,928,Large Community Hospital,Homayra Mostamandi,NA,Chief Nursing Executive,2025-11-23,scraped,https://psfdh.on.ca/leadershipteam,combined_h2,NA
PERTH SMITHS FALLS,928,Large Community Hospital,Dr. Tom Morell,NA,Chief of Staff,2025-11-23,scraped,https://psfdh.on.ca/leadershipteam,combined_h2,NA
Middlesex Hosptial Alliance  STRATHROY MIDDLESEX GENERAL,814,Large Community Hospital,Julie McBrien,NA,President & Chief Executive Officer,2025-11-23,scraped,https://mhalliance.on.ca/about/administration/,combined_h2,NA
Middlesex Hosptial Alliance  STRATHROY MIDDLESEX GENERAL,814,Large Community Hospital,Dr. Elisheva Chernick,NA,"Vice President Medical Affairs, Chief of Staff",2025-11-23,scraped,https://mhalliance.on.ca/about/administration/,combined_h2,NA
Middlesex Hosptial Alliance  STRATHROY MIDDLESEX GENERAL,814,Large Community Hospital,Devin Sturdy,NA,"Vice President Corporate Services, Chief Financial Officer",2025-11-23,scraped,https://mhalliance.on.ca/about/administration/,combined_h2,NA
Middlesex Hosptial Alliance  STRATHROY MIDDLESEX GENERAL,814,Large Community Hospital,Krista Shea,NA,Vice President Clinical Services & Chief Nursing Officer,2025-11-23,scraped,https://mhalliance.on.ca/about/administration/,combined_h2,NA
Middlesex Hosptial Alliance  STRATHROY MIDDLESEX GENERAL,814,Large Community Hospital,Ryan Whitney,NA,"Director of Facilities, Redevelopment & Support Services",2025-11-23,scraped,https://mhalliance.on.ca/about/administration/,combined_h2,NA
Middlesex Hosptial Alliance  STRATHROY MIDDLESEX GENERAL,814,Large Community Hospital,Tracy Wintermute,NA,Director Human Resources & People,2025-11-23,scraped,https://mhalliance.on.ca/about/administration/,combined_h2,NA
HPHA STRATFORD GENERAL,813,Large Community Hospital,Andrew Williams,NA,President & Chief Executive Officer,2025-11-23,scraped,https://www.hpha.ca/ourorganization#accordion-38-2,p_with_bold_and_br,NA
HPHA STRATFORD GENERAL,813,Large Community Hospital,Dr. Kevin Lefebvre,NA,Chief of,2025-11-23,scraped,https://www.hpha.ca/ourorganization#accordion-38-2,p_with_bold_and_br,NA
HPHA STRATFORD GENERAL,813,Large Community Hospital,Mary Cardinal,NA,"Vice President People, Engagement & Social Accountability",2025-11-23,scraped,https://www.hpha.ca/ourorganization#accordion-38-2,p_with_bold_and_br,NA
HPHA STRATFORD GENERAL,813,Large Community Hospital,Lynanne Mason,NA,"Vice President Partnerships, Transformation & Chief Nursing Executive",2025-11-23,scraped,https://www.hpha.ca/ourorganization#accordion-38-2,p_with_bold_and_br,NA
HPHA STRATFORD GENERAL,813,Large Community Hospital,Iris Michaels,NA,"Vice President Performance, Finance & Digital Innovation",2025-11-23,scraped,https://www.hpha.ca/ourorganization#accordion-38-2,p_with_bold_and_br,NA
HPHA STRATFORD GENERAL,813,Large Community Hospital,Sue Davey,NA,Executive Assistant,2025-11-23,scraped,https://www.hpha.ca/ourorganization#accordion-38-2,p_with_bold_and_br,NA
SIMCOE NORFOLK GENERAL,804,Large Community Hospital,Todd Stepanuik,NA,President and Chief Executive OfficerNorfolk General HospitalNorfolk Hospital Nursing Home,2025-11-23,scraped,https://www.ngh.on.ca/senior-leadership-team/,p_with_bold_and_br,NA
SIMCOE NORFOLK GENERAL,804,Large Community Hospital,Kim Mullins,NA,"Vice-President Clinical and Chief Nursing Executive of Norfolk General Hospital,  and West Haldimand General Hospital.",2025-11-23,scraped,https://www.ngh.on.ca/senior-leadership-team/,p_with_bold_and_br,title_length_warning
SIMCOE NORFOLK GENERAL,804,Large Community Hospital,Dr. Robin Martin-Godelie,NA,Chief of Staff,2025-11-23,scraped,https://www.ngh.on.ca/senior-leadership-team/,p_with_bold_and_br,NA
SIMCOE NORFOLK GENERAL,804,Large Community Hospital,Sarah-Jane Irvine,CHRL,Vice President People Strategy and Chief Human Resources Officer,2025-11-23,scraped,https://www.ngh.on.ca/senior-leadership-team/,p_with_bold_and_br,NA
SIMCOE NORFOLK GENERAL,804,Large Community Hospital,Dan Hill,NA,Vice President - Finance and Chief Financial Officer,2025-11-23,scraped,https://www.ngh.on.ca/senior-leadership-team/,p_with_bold_and_br,NA
PETERBOROUGH REGIONAL HEALTH CENTRE,771,Large Community Hospital,Dr. Lynn Mikula,NA,President & CEO,2025-11-23,scraped,https://www.prhc.on.ca/about-us/senior-leadership/,combined_h2,NA
PETERBOROUGH REGIONAL HEALTH CENTRE,771,Large Community Hospital,Noel Bennett,NA,"Vice President, Clinical Services, Chief Nursing Executive",2025-11-23,scraped,https://www.prhc.on.ca/about-us/senior-leadership/,combined_h2,NA
PETERBOROUGH REGIONAL HEALTH CENTRE,771,Large Community Hospital,Paula Harrington,NA,"Vice President People, Culture and Organizational Development, Chief Human Resources Officer",2025-11-23,scraped,https://www.prhc.on.ca/about-us/senior-leadership/,combined_h2,NA
PETERBOROUGH REGIONAL HEALTH CENTRE,771,Large Community Hospital,Dr. Mike Hartleib,NA,Chief of Staff,2025-11-23,scraped,https://www.prhc.on.ca/about-us/senior-leadership/,combined_h2,NA
PETERBOROUGH REGIONAL HEALTH CENTRE,771,Large Community Hospital,Dr. Janet Hurst,NA,"Vice President, Medical Affairs, Risk & Patient Relations, Chief Medical Executive",2025-11-23,scraped,https://www.prhc.on.ca/about-us/senior-leadership/,combined_h2,NA
PETERBOROUGH REGIONAL HEALTH CENTRE,771,Large Community Hospital,Evan Lyons,NA,"Vice President, Digital Information Services, Chief Information Officer",2025-11-23,scraped,https://www.prhc.on.ca/about-us/senior-leadership/,combined_h2,NA
PETERBOROUGH REGIONAL HEALTH CENTRE,771,Large Community Hospital,Sean Martin,NA,"Vice President, Clinical Services & Health Equity, Chief Quality Officer",2025-11-23,scraped,https://www.prhc.on.ca/about-us/senior-leadership/,combined_h2,NA
PETERBOROUGH REGIONAL HEALTH CENTRE,771,Large Community Hospital,Jennifer Taylor,NA,"Vice President, Financial & Corporate Services, Chief Financial Officer",2025-11-23,scraped,https://www.prhc.on.ca/about-us/senior-leadership/,combined_h2,NA
PEMBROKE REGIONAL,763,Large Community Hospital,Sabine Mersmann,NA,President and CEO,2025-11-23,manual_entry,https://www.pemreghos.org/slt?m=1,manual_entry_required,NA
PEMBROKE REGIONAL,763,Large Community Hospital,Dr. Declan Rowan,NA,Chief of Staff,2025-11-23,manual_entry,https://www.pemreghos.org/slt?m=1,manual_entry_required,NA
PEMBROKE REGIONAL,763,Large Community Hospital,Beth Brownlee,NA,Vice President Clinical & Support Services and Chief Nursing Executive,2025-11-23,manual_entry,https://www.pemreghos.org/slt?m=1,manual_entry_required,NA
PEMBROKE REGIONAL,763,Large Community Hospital,Brent McIntyre,NA,Vice President Human Resources,2025-11-23,manual_entry,https://www.pemreghos.org/slt?m=1,manual_entry_required,NA
PEMBROKE REGIONAL,763,Large Community Hospital,Scott Coombes,NA,Vice President Finance and Corporate Services and Chief Financial Officer,2025-11-23,manual_entry,https://www.pemreghos.org/slt?m=1,manual_entry_required,NA
ORILLIA SOLDIERS' MEMORIAL,745,Large Community Hospital,Carmine Stumpo,NA,President and Chief Executive Officer,2025-11-23,scraped,https://www.osmh.on.ca/senior-leadership-team/,div_classes,NA
ORILLIA SOLDIERS' MEMORIAL,745,Large Community Hospital,Dr. Kim McIntosh,NA,Chief of Staff,2025-11-23,scraped,https://www.osmh.on.ca/senior-leadership-team/,div_classes,NA
ORILLIA SOLDIERS' MEMORIAL,745,Large Community Hospital,Tom Roberts,NA,Executive Vice President & Chief Financial Officer,2025-11-23,scraped,https://www.osmh.on.ca/senior-leadership-team/,div_classes,NA
ORILLIA SOLDIERS' MEMORIAL,745,Large Community Hospital,Jill Colin,NA,Vice President Patient Care & Chief Nursing Executive,2025-11-23,scraped,https://www.osmh.on.ca/senior-leadership-team/,div_classes,NA
ORILLIA SOLDIERS' MEMORIAL,745,Large Community Hospital,Debbie Singh,NA,Vice President People Strategy & Chief Human Resources Officer,2025-11-23,scraped,https://www.osmh.on.ca/senior-leadership-team/,div_classes,NA
NEWMARKET SOUTHLAKE REGIONAL,736,Large Community Hospital,NA,NA,NA,2025-11-23,robotstxt_blocked,https://southlake.ca/about-southlake/leadership-team/,div_classes,NA
MIDLAND GEORGIAN BAY,726,Large Community Hospital,Matthew Lawson,NA,President and CEO,2025-11-23,scraped,https://gbgh.on.ca/about-us/senior-leadership-team/,h2_name_p_title,NA
MIDLAND GEORGIAN BAY,726,Large Community Hospital,Marcia Chapman,NA,"Vice President, Performance and Support Services & Chief Financial Officer",2025-11-23,scraped,https://gbgh.on.ca/about-us/senior-leadership-team/,h2_name_p_title,NA
MIDLAND GEORGIAN BAY,726,Large Community Hospital,Tanya Cripps,NA,"Vice President, People & Culture and Chief Human Resources Officer",2025-11-23,scraped,https://gbgh.on.ca/about-us/senior-leadership-team/,h2_name_p_title,NA
MIDLAND GEORGIAN BAY,726,Large Community Hospital,Dr. Vikram Ralhan,NA,Chief of Staff,2025-11-23,scraped,https://gbgh.on.ca/about-us/senior-leadership-team/,h2_name_p_title,NA
MIDLAND GEORGIAN BAY,726,Large Community Hospital,Linda Gravel,NA,"Vice President, Clinical Services and Chief Nursing Executive",2025-11-23,scraped,https://gbgh.on.ca/about-us/senior-leadership-team/,h2_name_p_title,NA
BURLINGTON JOSEPH BRANT HOSPITAL,718,Large Community Hospital,Eric J. Vandewall,NA,President & Chief Executive Officer,2025-11-23,scraped,https://www.josephbranthospital.ca/about-us/our-team/senior-leadership,nested_list_with_ids,NA
BURLINGTON JOSEPH BRANT HOSPITAL,718,Large Community Hospital,Leslie Motz,NA,"Executive Vice President, Clinical and Chief Nursing Executive",2025-11-23,scraped,https://www.josephbranthospital.ca/about-us/our-team/senior-leadership,nested_list_with_ids,NA
BURLINGTON JOSEPH BRANT HOSPITAL,718,Large Community Hospital,Marco Terlevic,NA,"Executive Vice President, Corporate Administration and Chief Financial Officer",2025-11-23,scraped,https://www.josephbranthospital.ca/about-us/our-team/senior-leadership,nested_list_with_ids,NA
BURLINGTON JOSEPH BRANT HOSPITAL,718,Large Community Hospital,Ashley Davidson,NA,Joseph Brant Hospital Foundation President & CEO,2025-11-23,scraped,https://www.josephbranthospital.ca/about-us/our-team/senior-leadership,nested_list_with_ids,NA
BURLINGTON JOSEPH BRANT HOSPITAL,718,Large Community Hospital,Dr. Paul Lysecki,"MD, FRCSC",Interim Chief of Staff,2025-11-23,scraped,https://www.josephbranthospital.ca/about-us/our-team/senior-leadership,nested_list_with_ids,NA
BURLINGTON JOSEPH BRANT HOSPITAL,718,Large Community Hospital,Jane Albright,NA,"Vice President, People and Culture and Chief Human Resources Officer",2025-11-23,scraped,https://www.josephbranthospital.ca/about-us/our-team/senior-leadership,nested_list_with_ids,NA
RICHMOND HILL MACKENZIE HEALTH,701,Large Community Hospital,Mary-Agnes Wilson,NA,"Interim President and CEO, Mackenzie Health",2025-11-23,scraped,https://www.mackenziehealth.ca/about-us/executive-leadership-team,nested_list_with_ids,NA
RICHMOND HILL MACKENZIE HEALTH,701,Large Community Hospital,Dr. Steven Jackson,NA,"Vice President, Medical Planning and Chief of Staff, Mackenzie Health",2025-11-23,scraped,https://www.mackenziehealth.ca/about-us/executive-leadership-team,nested_list_with_ids,NA
RICHMOND HILL MACKENZIE HEALTH,701,Large Community Hospital,Heather Stewart,NA,"Interim Executive Vice President, Clinical Services & Chief Nurse Executive, Mackenzie Health",2025-11-23,scraped,https://www.mackenziehealth.ca/about-us/executive-leadership-team,nested_list_with_ids,NA
RICHMOND HILL MACKENZIE HEALTH,701,Large Community Hospital,David Stolte,NA,"Executive Vice President, Strategy and Clinical Support, Mackenzie Health",2025-11-23,scraped,https://www.mackenziehealth.ca/about-us/executive-leadership-team,nested_list_with_ids,NA
RICHMOND HILL MACKENZIE HEALTH,701,Large Community Hospital,Stav D'Andrea,NA,"Vice President, People Services and Chief Human Resources Officer (CHRO), Mackenzie Health",2025-11-23,scraped,https://www.mackenziehealth.ca/about-us/executive-leadership-team,nested_list_with_ids,NA
RICHMOND HILL MACKENZIE HEALTH,701,Large Community Hospital,Allison Trenholm,NA,"Vice President, Public Affairs, Stakeholder Relations and Chief Communications Officer, Mackenzie Health",2025-11-23,scraped,https://www.mackenziehealth.ca/about-us/executive-leadership-team,nested_list_with_ids,title_length_warning
RICHMOND HILL MACKENZIE HEALTH,701,Large Community Hospital,Purvi Desai,NA,"Vice President, Digital Health and Chief Information Officer, Mackenzie Health",2025-11-23,scraped,https://www.mackenziehealth.ca/about-us/executive-leadership-team,nested_list_with_ids,NA
RICHMOND HILL MACKENZIE HEALTH,701,Large Community Hospital,Greg Chow,NA,"Vice President, Finance and Chief Financial Officer",2025-11-23,scraped,https://www.mackenziehealth.ca/about-us/executive-leadership-team,nested_list_with_ids,NA
WRHN-KITCHENER ST MARY'S,699,Large Community Hospital,Ron Gagnon,NA,President & CEO,2025-11-23,scraped,https://www.smgh.ca/about-us/our-leadership-team,div_classes,NA
WRHN-KITCHENER ST MARY'S,699,Large Community Hospital,Barbara Steed,NA,"Interim Vice President, Patient Care and Midtown Site Lead",2025-11-23,scraped,https://www.smgh.ca/about-us/our-leadership-team,div_classes,NA
WRHN-KITCHENER ST MARY'S,699,Large Community Hospital,Mike Gourlay,NA,"Vice President, Finance & Support Services, Chief Financial Officer",2025-11-23,scraped,https://www.smgh.ca/about-us/our-leadership-team,div_classes,NA
WRHN-KITCHENER ST MARY'S,699,Large Community Hospital,Doug Murray,NA,"Executive Vice President, Enabling Services",2025-11-23,scraped,https://www.smgh.ca/about-us/our-leadership-team,div_classes,NA
WRHN-KITCHENER ST MARY'S,699,Large Community Hospital,Nicole Thomson,NA,"Vice President, Quality, Research, Patient Experience, Social Accountability and Interim Chicopee Site Lead",2025-11-23,scraped,https://www.smgh.ca/about-us/our-leadership-team,div_classes,title_length_warning
WRHN-KITCHENER ST MARY'S,699,Large Community Hospital,Elizabeth Ferguson,NA,"Executive Vice President, Chief Operating Officer and Chief Nursing Executive",2025-11-23,scraped,https://www.smgh.ca/about-us/our-leadership-team,div_classes,NA
WRHN-KITCHENER ST MARY'S,699,Large Community Hospital,Dr. Anirudh Goel,NA,Chief of Staff,2025-11-23,scraped,https://www.smgh.ca/about-us/our-leadership-team,div_classes,NA
WRHN-KITCHENER ST MARY'S,699,Large Community Hospital,Cliff Harvey,NA,"Vice President, Redevelopment",2025-11-23,scraped,https://www.smgh.ca/about-us/our-leadership-team,div_classes,NA
WRHN-KITCHENER ST MARY'S,699,Large Community Hospital,Danina Kapetanovic,NA,"Vice President, Innovation & Chief Health Innovation Officer",2025-11-23,scraped,https://www.smgh.ca/about-us/our-leadership-team,div_classes,NA
WRHN-KITCHENER ST MARY'S,699,Large Community Hospital,Demetrios Kalantzis,NA,"Vice President, People(s), Culture & Experience",2025-11-23,scraped,https://www.smgh.ca/about-us/our-leadership-team,div_classes,NA
WRHN-KITCHENER ST MARY'S,699,Large Community Hospital,Desa Hobbs,NA,"Vice President, Patient Care & Regional Vice President, Waterloo Wellington Regional Cancer Program, Queen's Blvd. Site Lead",2025-11-23,scraped,https://www.smgh.ca/about-us/our-leadership-team,div_classes,title_length_warning
WRHN-KITCHENER ST MARY'S,699,Large Community Hospital,Doug Earle,NA,"President & CEO, WRHN Foundation",2025-11-23,scraped,https://www.smgh.ca/about-us/our-leadership-team,div_classes,NA
WRHN-KITCHENER ST MARY'S,699,Large Community Hospital,Gary Higgs,NA,"Vice President, Digital & Chief Information Officer",2025-11-23,scraped,https://www.smgh.ca/about-us/our-leadership-team,div_classes,NA
WRHN-KITCHENER ST MARY'S,699,Large Community Hospital,Dr. Heather Warren,NA,"Vice President, Medical Affairs",2025-11-23,scraped,https://www.smgh.ca/about-us/our-leadership-team,div_classes,NA
WRHN-KITCHENER ST MARY'S,699,Large Community Hospital,Linda Adams,NA,"Interim Vice President, Patient Care and Deputy Chief Nursing Executive",2025-11-23,scraped,https://www.smgh.ca/about-us/our-leadership-team,div_classes,NA
WRHN-KITCHENER ST MARY'S,699,Large Community Hospital,Sarah Farwell,NA,"Vice President, Strategy, Communications & Public Affairs",2025-11-23,scraped,https://www.smgh.ca/about-us/our-leadership-team,div_classes,NA
WRHN-KITCHENER GRAND RIVER,930,Large Community Hospital,Ron Gagnon,NA,President & CEO,2025-11-23,scraped,https://www.grhosp.on.ca/about/senior-leadership-team,list_items,NA
WRHN-KITCHENER GRAND RIVER,930,Large Community Hospital,Doug Murray,NA,Executive Vice President Enabling Services,2025-11-23,scraped,https://www.grhosp.on.ca/about/senior-leadership-team,list_items,NA
WRHN-KITCHENER GRAND RIVER,930,Large Community Hospital,Elizabeth Ferguson,NA,Executive Vice President Chief Operating Officer and Chief Nursing Executive,2025-11-23,scraped,https://www.grhosp.on.ca/about/senior-leadership-team,list_items,NA
WRHN-KITCHENER GRAND RIVER,930,Large Community Hospital,Dr. Anirudh Goel,NA,Chief of Staff,2025-11-23,scraped,https://www.grhosp.on.ca/about/senior-leadership-team,list_items,NA
WRHN-KITCHENER GRAND RIVER,930,Large Community Hospital,Barbara Steed,NA,Interim VP Patient Care and Midtown Site Lead,2025-11-23,scraped,https://www.grhosp.on.ca/about/senior-leadership-team,list_items,NA
WRHN-KITCHENER GRAND RIVER,930,Large Community Hospital,Cliff Harvey,NA,Vice President Redevelopment,2025-11-23,scraped,https://www.grhosp.on.ca/about/senior-leadership-team,list_items,NA
WRHN-KITCHENER GRAND RIVER,930,Large Community Hospital,Danina Kapetanovic,NA,Vice President Innovation & Chief Health Innovation Officer,2025-11-23,scraped,https://www.grhosp.on.ca/about/senior-leadership-team,list_items,NA
WRHN-KITCHENER GRAND RIVER,930,Large Community Hospital,Demetrios Kalantzis,NA,Vice President People(s) Culture & Experience,2025-11-23,scraped,https://www.grhosp.on.ca/about/senior-leadership-team,list_items,NA
WRHN-KITCHENER GRAND RIVER,930,Large Community Hospital,Desa Hobbs,NA,Vice President Patient Care & Regional Vice President Waterloo Wellington Regional Cancer Program Queen's Blvd. Site Lead,2025-11-23,scraped,https://www.grhosp.on.ca/about/senior-leadership-team,list_items,title_length_warning
WRHN-KITCHENER GRAND RIVER,930,Large Community Hospital,Doug Earle,NA,President & CEO WRHN Foundation,2025-11-23,scraped,https://www.grhosp.on.ca/about/senior-leadership-team,list_items,NA
WRHN-KITCHENER GRAND RIVER,930,Large Community Hospital,Gary Higgs,NA,Vice President Digital & Chief Information Officer,2025-11-23,scraped,https://www.grhosp.on.ca/about/senior-leadership-team,list_items,NA
WRHN-KITCHENER GRAND RIVER,930,Large Community Hospital,Dr. Heather Warren,NA,Vice President Medical Affairs,2025-11-23,scraped,https://www.grhosp.on.ca/about/senior-leadership-team,list_items,NA
WRHN-KITCHENER GRAND RIVER,930,Large Community Hospital,Linda Adams,NA,Interim VP Patient Care and Deputy Chief Nursing Executive,2025-11-23,scraped,https://www.grhosp.on.ca/about/senior-leadership-team,list_items,NA
WRHN-KITCHENER GRAND RIVER,930,Large Community Hospital,Mike Gourlay,NA,Vice President Finance & Support Services & Chief Financial Officer,2025-11-23,scraped,https://www.grhosp.on.ca/about/senior-leadership-team,list_items,NA
WRHN-KITCHENER GRAND RIVER,930,Large Community Hospital,Nicole Thomson,NA,Vice President Quality Research Patient Experience Social Accountability and Interim Chicopee Site Lead,2025-11-23,scraped,https://www.grhosp.on.ca/about/senior-leadership-team,list_items,title_length_warning
WRHN-KITCHENER GRAND RIVER,930,Large Community Hospital,Sarah Farwell,NA,Vice President Strategy Communications & Public Affairs,2025-11-23,scraped,https://www.grhosp.on.ca/about/senior-leadership-team,list_items,NA
GUELPH GENERAL,665,Large Community Hospital,Mark Walton,NA,President & CEO,2025-11-23,scraped,https://www.gghorg.ca/about-ggh/leadership-team/,combined_h2,NA
GUELPH GENERAL,665,Large Community Hospital,Dr. Alex Ferguson,NA,Chief of Staff,2025-11-23,scraped,https://www.gghorg.ca/about-ggh/leadership-team/,combined_h2,NA
GUELPH GENERAL,665,Large Community Hospital,Gavin Webb,NA,"VP, Finance & CIO",2025-11-23,scraped,https://www.gghorg.ca/about-ggh/leadership-team/,combined_h2,NA
GUELPH GENERAL,665,Large Community Hospital,Karen Suk-Patrick,NA,"VP, People, Strategy & Community",2025-11-23,scraped,https://www.gghorg.ca/about-ggh/leadership-team/,combined_h2,NA
GUELPH GENERAL,665,Large Community Hospital,Susan Leach,NA,"Interim VP, Patient Services & CNE",2025-11-23,scraped,https://www.gghorg.ca/about-ggh/leadership-team/,combined_h2,NA
GUELPH GENERAL,665,Large Community Hospital,Julie Byczynski,NA,"CEO, The Foundation of GGH",2025-11-23,scraped,https://www.gghorg.ca/about-ggh/leadership-team/,combined_h2,NA
COLLINGWOOD GENERAL AND MARINE HOSP,640,Large Community Hospital,Michael Lacroix,NA,President and CEO,2025-11-23,scraped,https://cgmh.on.ca/team/senior-leadership-team,div_classes,NA
COLLINGWOOD GENERAL AND MARINE HOSP,640,Large Community Hospital,Dr. Michael Lisi,NA,Chief of Staff,2025-11-23,scraped,https://cgmh.on.ca/team/senior-leadership-team,div_classes,NA
COLLINGWOOD GENERAL AND MARINE HOSP,640,Large Community Hospital,Kathleen De Pellegrin,NA,"Vice President, Corporate Services and CFO",2025-11-23,scraped,https://cgmh.on.ca/team/senior-leadership-team,div_classes,NA
COLLINGWOOD GENERAL AND MARINE HOSP,640,Large Community Hospital,Rosemary Frketich,NA,"Vice President, Patient Services and CNE",2025-11-23,scraped,https://cgmh.on.ca/team/senior-leadership-team,div_classes,NA
COLLINGWOOD GENERAL AND MARINE HOSP,640,Large Community Hospital,Angela Wiggins,NA,"Vice President, People and Culture and Chief Human Resources Executive",2025-11-23,scraped,https://cgmh.on.ca/team/senior-leadership-team,div_classes,NA
COLLINGWOOD GENERAL AND MARINE HOSP,640,Large Community Hospital,Cathy Renaud,NA,"Vice President, Hospital Development",2025-11-23,scraped,https://cgmh.on.ca/team/senior-leadership-team,div_classes,NA
COLLINGWOOD GENERAL AND MARINE HOSP,640,Large Community Hospital,Bronwen Edgar,NA,"Director, Risk Management and Clinical Services",2025-11-23,scraped,https://cgmh.on.ca/team/senior-leadership-team,div_classes,NA
COLLINGWOOD GENERAL AND MARINE HOSP,640,Large Community Hospital,Jenn Rae,NA,"Director, Communications and Community Engagement",2025-11-23,scraped,https://cgmh.on.ca/team/senior-leadership-team,div_classes,NA
COLLINGWOOD GENERAL AND MARINE HOSP,640,Large Community Hospital,Shelby Howard,NA,"Director, Patient Services and Professional Practice",2025-11-23,scraped,https://cgmh.on.ca/team/senior-leadership-team,div_classes,NA
HURON PERTH HEALTHCARE ALLIANCE,983,Large Community Hospital,Andrew Williams,NA,President & Chief Executive Officer,2025-11-23,scraped,https://www.hpha.ca/ourorganization#accordion-38-2,p_with_bold_and_br,NA
HURON PERTH HEALTHCARE ALLIANCE,983,Large Community Hospital,Dr. Kevin Lefebvre,NA,Chief of,2025-11-23,scraped,https://www.hpha.ca/ourorganization#accordion-38-2,p_with_bold_and_br,NA
HURON PERTH HEALTHCARE ALLIANCE,983,Large Community Hospital,Mary Cardinal,NA,"Vice President People, Engagement & Social Accountability",2025-11-23,scraped,https://www.hpha.ca/ourorganization#accordion-38-2,p_with_bold_and_br,NA
HURON PERTH HEALTHCARE ALLIANCE,983,Large Community Hospital,Lynanne Mason,NA,"Vice President Partnerships, Transformation & Chief Nursing Executive",2025-11-23,scraped,https://www.hpha.ca/ourorganization#accordion-38-2,p_with_bold_and_br,NA
HURON PERTH HEALTHCARE ALLIANCE,983,Large Community Hospital,Iris Michaels,NA,"Vice President Performance, Finance & Digital Innovation",2025-11-23,scraped,https://www.hpha.ca/ourorganization#accordion-38-2,p_with_bold_and_br,NA
HURON PERTH HEALTHCARE ALLIANCE,983,Large Community Hospital,Sue Davey,NA,Executive Assistant,2025-11-23,scraped,https://www.hpha.ca/ourorganization#accordion-38-2,p_with_bold_and_br,NA
NORTH BAY NORTH BAY REGIONAL HC,974,Large Community Hospital,Paul Heinrich,NA,President & CEO,2025-11-23,manual_entry,https://nbrhc.on.ca/about-nbrhc/senior-leadership-team/,manual_entry_required,NA
NORTH BAY NORTH BAY REGIONAL HC,974,Large Community Hospital,Lise St. Marseille,NA,"Vice President, Mental Health & Addictions",2025-11-23,manual_entry,https://nbrhc.on.ca/about-nbrhc/senior-leadership-team/,manual_entry_required,NA
NORTH BAY NORTH BAY REGIONAL HC,974,Large Community Hospital,Joanne Laplante,NA,"Vice President, Clinical and Chief Nursing Executive",2025-11-23,manual_entry,https://nbrhc.on.ca/about-nbrhc/senior-leadership-team/,manual_entry_required,NA
NORTH BAY NORTH BAY REGIONAL HC,974,Large Community Hospital,Ryan Jeffers,NA,Vice President of Corporate Services & CFO,2025-11-23,manual_entry,https://nbrhc.on.ca/about-nbrhc/senior-leadership-team/,manual_entry_required,NA
NORTH BAY NORTH BAY REGIONAL HC,974,Large Community Hospital,Dr. Scott Kerrigan,NA,Chief of Staff,2025-11-23,manual_entry,https://nbrhc.on.ca/about-nbrhc/senior-leadership-team/,manual_entry_required,NA
CHATHAM CHATHAM-KENT HEALTH ALLIANC,981,Large Community Hospital,Adam Topp,NA,President & CEO,2025-11-23,manual_entry,https://www.ckha.on.ca/senior-team/,manual_entry_required,NA
CHATHAM CHATHAM-KENT HEALTH ALLIANC,981,Large Community Hospital,Aaron Ryan,NA,"Vice President, Performance & Chief Financial Officer",2025-11-23,manual_entry,https://www.ckha.on.ca/senior-team/,manual_entry_required,NA
CHATHAM CHATHAM-KENT HEALTH ALLIANC,981,Large Community Hospital,Natalie Clark,NA,Chief Nursing Executive,2025-11-23,manual_entry,https://www.ckha.on.ca/senior-team/,manual_entry_required,NA
CHATHAM CHATHAM-KENT HEALTH ALLIANC,981,Large Community Hospital,Caen Suni,NA,"Vice President, Clinical Programs & Operations",2025-11-23,manual_entry,https://www.ckha.on.ca/senior-team/,manual_entry_required,NA
CHATHAM CHATHAM-KENT HEALTH ALLIANC,981,Large Community Hospital,Dr. Zeke Milkovic,NA,Chief of Staff,2025-11-23,manual_entry,https://www.ckha.on.ca/senior-team/,manual_entry_required,NA
CHATHAM CHATHAM-KENT HEALTH ALLIANC,981,Large Community Hospital,Justin Turkington,NA,Chief Human Resources Officer,2025-11-23,manual_entry,https://www.ckha.on.ca/senior-team/,manual_entry_required,NA
CHATHAM CHATHAM-KENT HEALTH ALLIANC,981,Large Community Hospital,Fannie Vavoulis,NA,"Director, Communications & Patient Experience",2025-11-23,manual_entry,https://www.ckha.on.ca/senior-team/,manual_entry_required,NA
CHATHAM CHATHAM-KENT HEALTH ALLIANC,981,Large Community Hospital,Christine Mitchell,NA,"CKHA Foundation, President & CEO",2025-11-23,manual_entry,https://www.ckha.on.ca/senior-team/,manual_entry_required,NA
Ross Memorial Hospital,707,Large Community Hospital,Veronica Nelson,NA,President and CEO,2025-11-23,scraped,https://rmh.org/about-ross-memorial/senior-leadership,h2_name_h3_title,NA
Ross Memorial Hospital,707,Large Community Hospital,Dr. Michel Boivin,NA,Chief of Staff,2025-11-23,scraped,https://rmh.org/about-ross-memorial/senior-leadership,h2_name_h3_title,NA
Ross Memorial Hospital,707,Large Community Hospital,Vlad Padure,NA,Vice President Clinical and Chief Nursing Executive,2025-11-23,scraped,https://rmh.org/about-ross-memorial/senior-leadership,h2_name_h3_title,NA
Ross Memorial Hospital,707,Large Community Hospital,Brenda Friar,NA,Interim Director of Human Resources,2025-11-23,scraped,https://rmh.org/about-ross-memorial/senior-leadership,h2_name_h3_title,NA
Ross Memorial Hospital,707,Large Community Hospital,Yen Daniel,NA,Chief Financial Officer (CFO),2025-11-23,scraped,https://rmh.org/about-ross-memorial/senior-leadership,h2_name_h3_title,NA
Ross Memorial Hospital,707,Large Community Hospital,Dan Meraw,NA,Chief Information Officer (CIO),2025-11-23,scraped,https://rmh.org/about-ross-memorial/senior-leadership,h2_name_h3_title,NA
Campbellford Memorial Hospital,624,Small Hospital,Jeff Hohenkerk,NA,President/CEO,2025-11-23,scraped,https://cmh.ca/our-executive-leadership-team,h2_name_h3_title,NA
Campbellford Memorial Hospital,624,Small Hospital,Heather Campbell,NA,VP Patient Care/Chief Nursing Executive,2025-11-23,scraped,https://cmh.ca/our-executive-leadership-team,h2_name_h3_title,NA
Campbellford Memorial Hospital,624,Small Hospital,Adam Kolisnyk,NA,VP Corporate Services/CFO,2025-11-23,scraped,https://cmh.ca/our-executive-leadership-team,h2_name_h3_title,NA
Campbellford Memorial Hospital,624,Small Hospital,Jessica Brandon,NA,Manager Human Resources,2025-11-23,scraped,https://cmh.ca/our-executive-leadership-team,h2_name_h3_title,NA
Campbellford Memorial Hospital,624,Small Hospital,Julia Swedak,NA,Innovation and Transformation Officer,2025-11-23,scraped,https://cmh.ca/our-executive-leadership-team,h2_name_h3_title,NA
Campbellford Memorial Hospital,624,Small Hospital,Dr. Dimitri Louvish,NA,Chief of Staff,2025-11-23,scraped,https://cmh.ca/our-executive-leadership-team,h2_name_h3_title,NA
Alliston Stevenson Memorial Hospital,596,Small Hospital,Carmine Stumpo,NA,Supervisor,2025-11-23,scraped,https://www.stevensonhospital.ca/senior-leadership,h2_name_h3_title,NA
Alliston Stevenson Memorial Hospital,596,Small Hospital,Sarah Morris,NA,Interim Chief Nursing Executive,2025-11-23,scraped,https://www.stevensonhospital.ca/senior-leadership,h2_name_h3_title,NA
Alliston Stevenson Memorial Hospital,596,Small Hospital,Sharon Ramagnano,NA,"Interim Vice President, Clinical Services",2025-11-23,scraped,https://www.stevensonhospital.ca/senior-leadership,h2_name_h3_title,NA
Alliston Stevenson Memorial Hospital,596,Small Hospital,Dr. Roger Musa,NA,Chief of Staff,2025-11-23,scraped,https://www.stevensonhospital.ca/senior-leadership,h2_name_h3_title,NA
Alliston Stevenson Memorial Hospital,596,Small Hospital,Martin Mazza,NA,Vice President of Corporate Services & Chief Financial Officer,2025-11-23,scraped,https://www.stevensonhospital.ca/senior-leadership,h2_name_h3_title,NA
Cambridge Memorial Hospital,661,Large Community Hospital,Patrick Gaskin,NA,President & Chief Executive Officer,2025-11-23,scraped,https://www.cmh.org/contacts,table_rows,NA
Cambridge Memorial Hospital,661,Large Community Hospital,Winnie Lee,NA,Chief of Staff,2025-11-23,scraped,https://www.cmh.org/contacts,table_rows,NA
Cambridge Memorial Hospital,661,Large Community Hospital,Trevor Clark,NA,Vice President Finance & Corporate Services / Chief Financial Officer,2025-11-23,scraped,https://www.cmh.org/contacts,table_rows,NA
Cambridge Memorial Hospital,661,Large Community Hospital,Stephanie Pearsall,NA,Vice President of Clinical Programs and Chief Nursing Executive,2025-11-23,scraped,https://www.cmh.org/contacts,table_rows,NA
Cambridge Memorial Hospital,661,Large Community Hospital,Dr. Kunuk Rhee,NA,"Vice President, Medical Operations, Academic Affairs & Health System Partnerships",2025-11-23,scraped,https://www.cmh.org/contacts,table_rows,NA
Cambridge Memorial Hospital,661,Large Community Hospital,Mari Iromoto,NA,"Vice President, People & Strategy",2025-11-23,scraped,https://www.cmh.org/contacts,table_rows,NA
Cambridge Memorial Hospital,661,Large Community Hospital,Susan Toth,NA,"Director HR, Chief Human Resources Officer",2025-11-23,scraped,https://www.cmh.org/contacts,table_rows,NA
Cambridge Memorial Hospital,661,Large Community Hospital,Rob Howe,NA,"Director, Corporate Services & Chief Information Office",2025-11-23,scraped,https://www.cmh.org/contacts,table_rows,NA
Cambridge Memorial Hospital,661,Large Community Hospital,Kenneth Abogadil,NA,"Director, Diagnostic Imaging, Laboratory, Cardiac Diagnostics",2025-11-23,scraped,https://www.cmh.org/contacts,table_rows,NA
Cambridge Memorial Hospital,661,Large Community Hospital,Donna Didimos,NA,"Director, Emergency and Mental Health Programs",2025-11-23,scraped,https://www.cmh.org/contacts,table_rows,NA
Cambridge Memorial Hospital,661,Large Community Hospital,Valerie Smith-Sellers,NA,"Director, Finance",2025-11-23,scraped,https://www.cmh.org/contacts,table_rows,NA
Cambridge Memorial Hospital,661,Large Community Hospital,Andrea Brissette,NA,"Director, Medical Programs",2025-11-23,scraped,https://www.cmh.org/contacts,table_rows,NA
Cambridge Memorial Hospital,661,Large Community Hospital,Kyle Leslie,NA,"Director, Operational Excellence",2025-11-23,scraped,https://www.cmh.org/contacts,table_rows,NA
Cambridge Memorial Hospital,661,Large Community Hospital,Jennifer Visocchi,NA,"Director, Pharmacy & Supply Chain",2025-11-23,scraped,https://www.cmh.org/contacts,table_rows,NA
Cambridge Memorial Hospital,661,Large Community Hospital,Kim Towes,NA,"Director, Surgical Programs",2025-11-23,scraped,https://www.cmh.org/contacts,table_rows,NA
Cambridge Memorial Hospital,661,Large Community Hospital,Jennifer Backler,NA,"Director, Professional Practice, Clinical Informatics",2025-11-23,scraped,https://www.cmh.org/contacts,table_rows,NA
BELLEVILLE QUINTE HEALTH CARE,957,Large Community Hospital,Stacey Daub,NA,President & Chief Executive Officer,2025-11-23,scraped,https://quintehealth.ca/about-quinte-health/leadership/,list_items,NA
BELLEVILLE QUINTE HEALTH CARE,957,Large Community Hospital,Matthew Campbell,NA,Vice President & Chief Transformation Officer,2025-11-23,scraped,https://quintehealth.ca/about-quinte-health/leadership/,list_items,NA
BELLEVILLE QUINTE HEALTH CARE,957,Large Community Hospital,Dr. Colin MacPherson,NA,Chief of Staff,2025-11-23,scraped,https://quintehealth.ca/about-quinte-health/leadership/,list_items,NA
BELLEVILLE QUINTE HEALTH CARE,957,Large Community Hospital,Lina Rinaldi,NA,Vice President & Chief Nursing Executive,2025-11-23,scraped,https://quintehealth.ca/about-quinte-health/leadership/,list_items,NA
BELLEVILLE QUINTE HEALTH CARE,957,Large Community Hospital,Susan Rowe,NA,Vice President People & Strategy,2025-11-23,scraped,https://quintehealth.ca/about-quinte-health/leadership/,list_items,NA
BELLEVILLE QUINTE HEALTH CARE,957,Large Community Hospital,Ben Petersen,NA,Vice President & Chief Financial Officer,2025-11-23,scraped,https://quintehealth.ca/about-quinte-health/leadership/,list_items,NA
Sunnybrook Health Sciences Centre,953,Teaching Hospital,Dr. Andy J. Smith,"MD, MSc, FRCSC, FACS",President and CEO,2025-11-23,scraped,https://sunnybrook.ca/content/?page=executive-leadership,h2_name_p_title,NA
Sunnybrook Health Sciences Centre,953,Teaching Hospital,Ru Taggar,"BScN, MScN","Executive Vice President, Chief Nursing and Health Professions Executive",2025-11-23,scraped,https://sunnybrook.ca/content/?page=executive-leadership,h2_name_p_title,NA
Sunnybrook Health Sciences Centre,953,Teaching Hospital,Kristen Winter,"BA, MA","Executive Vice President, Programs, People & Leadership",2025-11-23,scraped,https://sunnybrook.ca/content/?page=executive-leadership,h2_name_p_title,NA
Sunnybrook Health Sciences Centre,953,Teaching Hospital,Michele Beals,"CPA, CA, MBA","Vice President, Finance and Chief Financial Officer",2025-11-23,scraped,https://sunnybrook.ca/content/?page=executive-leadership,h2_name_p_title,NA
Sunnybrook Health Sciences Centre,953,Teaching Hospital,"Lori Brady, MHSc","PT, BA, MSc","Vice President, Community Integration, Partnerships and Outpatient Care",2025-11-23,scraped,https://sunnybrook.ca/content/?page=executive-leadership,h2_name_p_title,NA
Sunnybrook Health Sciences Centre,953,Teaching Hospital,Kelly Cole,"BA, MBA","President and CEO, Sunnybrook Foundation",2025-11-23,scraped,https://sunnybrook.ca/content/?page=executive-leadership,h2_name_p_title,NA
Sunnybrook Health Sciences Centre,953,Teaching Hospital,"Shelley Darling, BHSci",MHA,"Vice President, Strategic Communications",2025-11-23,scraped,https://sunnybrook.ca/content/?page=executive-leadership,h2_name_p_title,NA
Sunnybrook Health Sciences Centre,953,Teaching Hospital,Darren Gerson,"MSc, MBA","Vice President, Quality, Risk, Performance and Patient Experience",2025-11-23,scraped,https://sunnybrook.ca/content/?page=executive-leadership,h2_name_p_title,NA
Sunnybrook Health Sciences Centre,953,Teaching Hospital,"Kullervo Hynynen, Ph.D.",NA,"Vice President, Research and Innovation",2025-11-23,scraped,https://sunnybrook.ca/content/?page=executive-leadership,h2_name_p_title,NA
Sunnybrook Health Sciences Centre,953,Teaching Hospital,"Dr. Calvin Law, MPH","MD, FRCSC","Vice President, Education",2025-11-23,scraped,https://sunnybrook.ca/content/?page=executive-leadership,h2_name_p_title,NA
Sunnybrook Health Sciences Centre,953,Teaching Hospital,Rob Lee,BA,"Vice President, Digital Health and Chief of Information Officer",2025-11-23,scraped,https://sunnybrook.ca/content/?page=executive-leadership,h2_name_p_title,NA
Sunnybrook Health Sciences Centre,953,Teaching Hospital,"Kunal Patel, BCom",MBA,"Vice President, Corporate Strategy and Development",2025-11-23,scraped,https://sunnybrook.ca/content/?page=executive-leadership,h2_name_p_title,NA
Sunnybrook Health Sciences Centre,953,Teaching Hospital,Dr. Dan Cass B.Sc.,"MD, MSc, FRCPC",Executive Vice President and Chief Medical Executive,2025-11-23,scraped,https://sunnybrook.ca/content/?page=executive-leadership,h2_name_p_title,NA
Thunder Bay Regional Health Sciences Centre,935,Teaching Hospital,Dr. Rhonda Crocker Ellacott,NA,President and CEO at TBRHSC and CEO at TBRHRI,2025-11-23,scraped,https://tbrhsc.net/tbrhsc/senior-leadership-council/senior-leadership-council-gallery/,boardcard_gallery,NA
Thunder Bay Regional Health Sciences Centre,935,Teaching Hospital,Dr. Adam Exley,NA,"Vice President, Medical Affairs",2025-11-23,scraped,https://tbrhsc.net/tbrhsc/senior-leadership-council/senior-leadership-council-gallery/,boardcard_gallery,NA
Thunder Bay Regional Health Sciences Centre,935,Teaching Hospital,Dr. Bradley Jacobson,NA,Chief of Staff,2025-11-23,scraped,https://tbrhsc.net/tbrhsc/senior-leadership-council/senior-leadership-council-gallery/,boardcard_gallery,NA
Thunder Bay Regional Health Sciences Centre,935,Teaching Hospital,Dr. Miranda Lesperance,NA,"Vice President, Indigenous Collaboration, Equity & Inclusion",2025-11-23,scraped,https://tbrhsc.net/tbrhsc/senior-leadership-council/senior-leadership-council-gallery/,boardcard_gallery,NA
Thunder Bay Regional Health Sciences Centre,935,Teaching Hospital,Jessica Logozzo,NA,"Vice President, Strategy and Regional Transformation",2025-11-23,scraped,https://tbrhsc.net/tbrhsc/senior-leadership-council/senior-leadership-council-gallery/,boardcard_gallery,NA
Thunder Bay Regional Health Sciences Centre,935,Teaching Hospital,Dr. Christopher Mushquash,NA,"Vice President, Research and Chief Scientist",2025-11-23,scraped,https://tbrhsc.net/tbrhsc/senior-leadership-council/senior-leadership-council-gallery/,boardcard_gallery,NA
Thunder Bay Regional Health Sciences Centre,935,Teaching Hospital,Jeannine Verdenik,NA,"Vice President, People & Culture",2025-11-23,scraped,https://tbrhsc.net/tbrhsc/senior-leadership-council/senior-leadership-council-gallery/,boardcard_gallery,NA
Thunder Bay Regional Health Sciences Centre,935,Teaching Hospital,Adam Vinet,NA,"Vice President, Patient Experience and Chief Nursing Executive, Vice President, Cancer Care Services, North West Region",2025-11-23,scraped,https://tbrhsc.net/tbrhsc/senior-leadership-council/senior-leadership-council-gallery/,boardcard_gallery,title_length_warning
Thunder Bay Regional Health Sciences Centre,935,Teaching Hospital,Jennifer Wintermans,NA,"Vice President, Clinical Services, Quality and Corporate Affairs",2025-11-23,scraped,https://tbrhsc.net/tbrhsc/senior-leadership-council/senior-leadership-council-gallery/,boardcard_gallery,NA
Thunder Bay Regional Health Sciences Centre,935,Teaching Hospital,Justin Garofalo,NA,"Vice President, Facilities, Capital Planning and Support Services & Chief Financial Officer",2025-11-23,scraped,https://tbrhsc.net/tbrhsc/senior-leadership-council/senior-leadership-council-gallery/,boardcard_gallery,NA
Humber River Hospital,941,Large Community Hospital,NA,NA,NA,2025-11-23,robotstxt_blocked,https://www.hrh.ca/who-we-are/accountability/governance-leadership/,combined_h2,NA
Lakeridge Health,952,Large Community Hospital,Cynthia Davis,NA,President and CEO,2025-11-23,scraped,https://www.lh.ca/about-us/leadership-team/,combined_h2,NA
Lakeridge Health,952,Large Community Hospital,Dr. Randy Wax,NA,Chief of Staff,2025-11-23,scraped,https://www.lh.ca/about-us/leadership-team/,combined_h2,NA
Lakeridge Health,952,Large Community Hospital,Dr. Nadia Ismiil,NA,"Deputy Chief of Staff and Chief, Academic Affairs, Research & LHEARN",2025-11-23,scraped,https://www.lh.ca/about-us/leadership-team/,combined_h2,NA
Lakeridge Health,952,Large Community Hospital,Petrina McGrath,NA,"Health System Executive, People, Quality and Practice and Chief Nursing Executive (CNE)",2025-11-23,scraped,https://www.lh.ca/about-us/leadership-team/,combined_h2,NA
Lakeridge Health,952,Large Community Hospital,Kirsten Burgomaster,NA,"Health System Executive, Clinical",2025-11-23,scraped,https://www.lh.ca/about-us/leadership-team/,combined_h2,NA
Lakeridge Health,952,Large Community Hospital,Tabitha Carroll,NA,"Health System Executive, Clinical",2025-11-23,scraped,https://www.lh.ca/about-us/leadership-team/,combined_h2,NA
Lakeridge Health,952,Large Community Hospital,Brian Pollard,NA,"Health System Executive, Clinical",2025-11-23,scraped,https://www.lh.ca/about-us/leadership-team/,combined_h2,NA
Lakeridge Health,952,Large Community Hospital,Dr. Ilan Lenga,NA,"Chief Information Officer and Regional Chief Medical Information Officer, Central East Ontario Clinical Information System",2025-11-23,scraped,https://www.lh.ca/about-us/leadership-team/,combined_h2,title_length_warning
Lakeridge Health,952,Large Community Hospital,Christopher J. Squire,NA,"Health System Executive, Corporate Services and Chief Financial Officer",2025-11-23,scraped,https://www.lh.ca/about-us/leadership-team/,combined_h2,NA
Lakeridge Health,952,Large Community Hospital,Trevor Stewart,NA,Chief Development Officer,2025-11-23,scraped,https://www.lh.ca/about-us/leadership-team/,combined_h2,NA
Lakeridge Health,952,Large Community Hospital,Mark Hierlihy,NA,Interim Chief Philanthropy Officer,2025-11-23,scraped,https://www.lh.ca/about-us/leadership-team/,combined_h2,NA
Lakeridge Health,952,Large Community Hospital,Shara Santan,NA,"Senior Director, Strategic Communications",2025-11-23,scraped,https://www.lh.ca/about-us/leadership-team/,combined_h2,NA
OAK VALLEY HEALTH,905,Large Community Hospital,Mark Fam,NA,President and Chief Executive Officer,2025-11-23,scraped,https://www.oakvalleyhealth.ca/about-us/meet-our-team/senior-leadership-team/,div_classes,NA
OAK VALLEY HEALTH,905,Large Community Hospital,Dr. Caroline Geenen,NA,Chief of Staff,2025-11-23,scraped,https://www.oakvalleyhealth.ca/about-us/meet-our-team/senior-leadership-team/,div_classes,NA
OAK VALLEY HEALTH,905,Large Community Hospital,Sheri Ferkl,NA,"Vice President, Clinical Operations and Chief Nursing Executive",2025-11-23,scraped,https://www.oakvalleyhealth.ca/about-us/meet-our-team/senior-leadership-team/,div_classes,NA
OAK VALLEY HEALTH,905,Large Community Hospital,Rebecca MacKenzie,NA,"Vice President, Patient and Community Experience, Governance, and Chief Communications Officer",2025-11-23,scraped,https://www.oakvalleyhealth.ca/about-us/meet-our-team/senior-leadership-team/,div_classes,NA
OAK VALLEY HEALTH,905,Large Community Hospital,Marie Nunziata,NA,"Vice President, People and Chief Human Resources Officer",2025-11-23,scraped,https://www.oakvalleyhealth.ca/about-us/meet-our-team/senior-leadership-team/,div_classes,NA
OAK VALLEY HEALTH,905,Large Community Hospital,Elena Pacheco,NA,Vice President and Chief Operating Officer,2025-11-23,scraped,https://www.oakvalleyhealth.ca/about-us/meet-our-team/senior-leadership-team/,div_classes,NA
OAK VALLEY HEALTH,905,Large Community Hospital,Richard Tam,NA,Interim Vice President and Chief Financial Officer,2025-11-23,scraped,https://www.oakvalleyhealth.ca/about-us/meet-our-team/senior-leadership-team/,div_classes,NA
OAK VALLEY HEALTH,905,Large Community Hospital,Dr. Subarna Thirugnanam,NA,"Interim Vice President, Medical Operations",2025-11-23,scraped,https://www.oakvalleyhealth.ca/about-us/meet-our-team/senior-leadership-team/,div_classes,NA
OAK VALLEY HEALTH,905,Large Community Hospital,Felix Zhang,NA,"Vice President, Digital Health and Chief Information Officer",2025-11-23,scraped,https://www.oakvalleyhealth.ca/about-us/meet-our-team/senior-leadership-team/,div_classes,NA
OAK VALLEY HEALTH,905,Large Community Hospital,Suzette Strong,NA,"Chief Executive Officer, Markham Stouffville Hospital Foundation",2025-11-23,scraped,https://www.oakvalleyhealth.ca/about-us/meet-our-team/senior-leadership-team/,div_classes,NA
OAK VALLEY HEALTH,905,Large Community Hospital,Michele Varela,NA,"Executive Director, Uxbridge Hospital Foundation",2025-11-23,scraped,https://www.oakvalleyhealth.ca/about-us/meet-our-team/senior-leadership-team/,div_classes,NA
North York General Hospital,632,Large Community Hospital,Dr. Everton Gooden,NA,President and CEO,2025-11-23,scraped,https://www.nygh.on.ca/about-us/leadership-team/,h2_name_p_title,NA
North York General Hospital,632,Large Community Hospital,Rudy Dahdal,NA,"Executive Vice President, Clinical Programs and Chief Planning & Redevelopment Officer",2025-11-23,scraped,https://www.nygh.on.ca/about-us/leadership-team/,h2_name_p_title,NA
North York General Hospital,632,Large Community Hospital,Mitch Birken,NA,"Vice President, People and Culture & Chief Human Resources Officer",2025-11-23,scraped,https://www.nygh.on.ca/about-us/leadership-team/,h2_name_p_title,NA
North York General Hospital,632,Large Community Hospital,Dr. Richard Bowry,NA,"Vice President, Medical Affairs, Research and Education",2025-11-23,scraped,https://www.nygh.on.ca/about-us/leadership-team/,h2_name_p_title,NA
North York General Hospital,632,Large Community Hospital,Anne-Marie Flanagan,NA,Interim Chief Communications & External Relations Officer,2025-11-23,scraped,https://www.nygh.on.ca/about-us/leadership-team/,h2_name_p_title,NA
North York General Hospital,632,Large Community Hospital,Duska Kennedy,NA,"Vice President, Strategy, Digital Health and CDO",2025-11-23,scraped,https://www.nygh.on.ca/about-us/leadership-team/,h2_name_p_title,NA
North York General Hospital,632,Large Community Hospital,Seanna Millar,NA,"President and CEO, North York General Foundation",2025-11-23,scraped,https://www.nygh.on.ca/about-us/leadership-team/,h2_name_p_title,NA
North York General Hospital,632,Large Community Hospital,Dr. Phil Shin,NA,"Chief Medical Information Officer, Chair, Medical Advisory Committee, Critical Care and Internal Medicine",2025-11-23,scraped,https://www.nygh.on.ca/about-us/leadership-team/,h2_name_p_title,title_length_warning
North York General Hospital,632,Large Community Hospital,Terri Stuart-McEwan,NA,"Vice President, Clinical Services, Quality and Chief Nursing Executive",2025-11-23,scraped,https://www.nygh.on.ca/about-us/leadership-team/,h2_name_p_title,NA
North York General Hospital,632,Large Community Hospital,Paul Truscott,NA,"Vice President Finance, Data Analytics & Chief Financial Officer",2025-11-23,scraped,https://www.nygh.on.ca/about-us/leadership-team/,h2_name_p_title,NA
Queensway Carleton Hospital,777,Large Community Hospital,Dr. Andrew Falconer,NA,President & CEO,2025-11-23,scraped,https://www.qch.on.ca/Leadership,qch_mixed_tables,NA
Queensway Carleton Hospital,777,Large Community Hospital,Dr. Katalin Kovacs,NA,Chief of Staff,2025-11-23,scraped,https://www.qch.on.ca/Leadership,qch_mixed_tables,NA
Queensway Carleton Hospital,777,Large Community Hospital,Cameron Best,NA,"Vice President Corporate, Diagnostic, Pharmacy, & Chief Financial Officer",2025-11-23,scraped,https://www.qch.on.ca/Leadership,qch_mixed_tables,NA
Queensway Carleton Hospital,777,Large Community Hospital,Lindsay Wyers,NA,Vice President Digital Transformation & Chief Information Officer,2025-11-23,scraped,https://www.qch.on.ca/Leadership,qch_mixed_tables,NA
Queensway Carleton Hospital,777,Large Community Hospital,Gisele Larocque,NA,"Vice President Allied Health, Organizational Effectiveness, Health Information Management, Chief Privacy Officer & Chief Human Resources Officer",2025-11-23,scraped,https://www.qch.on.ca/Leadership,qch_mixed_tables,title_length_warning
Queensway Carleton Hospital,777,Large Community Hospital,Ann Fuller,NA,Chief Communications Officer,2025-11-23,scraped,https://www.qch.on.ca/Leadership,qch_mixed_tables,NA
Queensway Carleton Hospital,777,Large Community Hospital,Shannon Gorman,NA,President & CEO Queensway Carleton Hospital Foundation,2025-11-23,scraped,https://www.qch.on.ca/Leadership,qch_mixed_tables,NA
Queensway Carleton Hospital,777,Large Community Hospital,Jen Plant,NA,Interim Vice President Clinical Services,2025-11-23,scraped,https://www.qch.on.ca/Leadership,qch_mixed_tables,NA
Queensway Carleton Hospital,777,Large Community Hospital,Ashley Malloff,NA,Interim Vice President Quality & Chief Nursing Executive,2025-11-23,scraped,https://www.qch.on.ca/Leadership,qch_mixed_tables,NA
BARRIE ROYAL VICTORIA REG HC,606,Large Community Hospital,Gail Hunt,NA,President & CEO,2025-11-23,scraped,https://www.rvh.on.ca/about-rvh/senior-leadership-team/,div_classes,NA
BARRIE ROYAL VICTORIA REG HC,606,Large Community Hospital,Dr. Jeffrey Tyberg,NA,"Chief of Staff & Vice President, Academic & Medical Affairs",2025-11-23,scraped,https://www.rvh.on.ca/about-rvh/senior-leadership-team/,div_classes,NA
BARRIE ROYAL VICTORIA REG HC,606,Large Community Hospital,Terry Caputo,NA,"Executive Vice President, Corporate Services and Chief Financial Officer",2025-11-23,scraped,https://www.rvh.on.ca/about-rvh/senior-leadership-team/,div_classes,NA
BARRIE ROYAL VICTORIA REG HC,606,Large Community Hospital,Rachel Kean,NA,"Vice President, Quality, Risk and Performance Improvement & Regional Chief Privacy Officer",2025-11-23,scraped,https://www.rvh.on.ca/about-rvh/senior-leadership-team/,div_classes,NA
BARRIE ROYAL VICTORIA REG HC,606,Large Community Hospital,Dara Marcoccia,NA,"Vice President, People Experience, & Chief Human Resources Officer",2025-11-23,scraped,https://www.rvh.on.ca/about-rvh/senior-leadership-team/,div_classes,NA
BARRIE ROYAL VICTORIA REG HC,606,Large Community Hospital,Leanne Weeks,NA,"Vice President, Clinical, & Chief Nursing Executive",2025-11-23,scraped,https://www.rvh.on.ca/about-rvh/senior-leadership-team/,div_classes,NA
BARRIE ROYAL VICTORIA REG HC,606,Large Community Hospital,Dave Brewin,NA,"Vice President, Digital Health & Regional Chief Information Officer",2025-11-23,scraped,https://www.rvh.on.ca/about-rvh/senior-leadership-team/,div_classes,NA
BARRIE ROYAL VICTORIA REG HC,606,Large Community Hospital,Dr. Jesse McLean,NA,"Director, Research and Innovation",2025-11-23,scraped,https://www.rvh.on.ca/about-rvh/senior-leadership-team/,div_classes,NA
BARRIE ROYAL VICTORIA REG HC,606,Large Community Hospital,Pamela Ross,NA,"CEO, RVH Foundation",2025-11-23,scraped,https://www.rvh.on.ca/about-rvh/senior-leadership-team/,div_classes,NA
BARRIE ROYAL VICTORIA REG HC,606,Large Community Hospital,Dana Naylor,NA,"Vice President, Clinical; Regional Vice President, Cancer Services, Ontario Health (Cancer Care Ontario)",2025-11-23,scraped,https://www.rvh.on.ca/about-rvh/senior-leadership-team/,div_classes,title_length_warning
BARRIE ROYAL VICTORIA REG HC,606,Large Community Hospital,Jennifer Moore,NA,"Vice President, Communications & Engagement and Chief Communications Officer",2025-11-23,scraped,https://www.rvh.on.ca/about-rvh/senior-leadership-team/,div_classes,NA
TORONTO SCARBOROUGH HEALTH NETWORK,979,Large Community Hospital,David Graham,NA,President and CEO,2025-11-23,scraped,https://www.shn.ca/about-us/hospital-leadership/,div_classes,NA
TORONTO SCARBOROUGH HEALTH NETWORK,979,Large Community Hospital,Dr. Jon Hummel,NA,Interim Chief of Staff,2025-11-23,scraped,https://www.shn.ca/about-us/hospital-leadership/,div_classes,NA
TORONTO SCARBOROUGH HEALTH NETWORK,979,Large Community Hospital,Dr. Martin Betts,NA,"Executive Vice President, Medical",2025-11-23,scraped,https://www.shn.ca/about-us/hospital-leadership/,div_classes,NA
TORONTO SCARBOROUGH HEALTH NETWORK,979,Large Community Hospital,Glyn Boatswain,NA,"Executive Vice President, Chief Nursing and Allied Professionals Executive",2025-11-23,scraped,https://www.shn.ca/about-us/hospital-leadership/,div_classes,NA
TORONTO SCARBOROUGH HEALTH NETWORK,979,Large Community Hospital,Michele James,NA,"Executive Vice President, Patient Care Services, Community Partnerships and Health System Integration",2025-11-23,scraped,https://www.shn.ca/about-us/hospital-leadership/,div_classes,title_length_warning
TORONTO SCARBOROUGH HEALTH NETWORK,979,Large Community Hospital,Dr. Samir Grover,NA,"Executive Vice President, Academics",2025-11-23,scraped,https://www.shn.ca/about-us/hospital-leadership/,div_classes,NA
TORONTO SCARBOROUGH HEALTH NETWORK,979,Large Community Hospital,Faaiza Ali,NA,"Vice President, Redevelopment and Technology",2025-11-23,scraped,https://www.shn.ca/about-us/hospital-leadership/,div_classes,NA
TORONTO SCARBOROUGH HEALTH NETWORK,979,Large Community Hospital,Cory Bryan,NA,"Vice President, Finance, Business Development & Chief Financial Officer",2025-11-23,scraped,https://www.shn.ca/about-us/hospital-leadership/,div_classes,NA
TORONTO SCARBOROUGH HEALTH NETWORK,979,Large Community Hospital,Andrea Gates,NA,"Vice-President, Strategy and Performance",2025-11-23,scraped,https://www.shn.ca/about-us/hospital-leadership/,div_classes,NA
TORONTO SCARBOROUGH HEALTH NETWORK,979,Large Community Hospital,Leigh Duncan,NA,Chief Communications and Public Affairs Officer,2025-11-23,scraped,https://www.shn.ca/about-us/hospital-leadership/,div_classes,NA
TORONTO SCARBOROUGH HEALTH NETWORK,979,Large Community Hospital,David Belous,NA,"Chief, Strategic Partnerships and Government Relations",2025-11-23,scraped,https://www.shn.ca/about-us/hospital-leadership/,div_classes,NA
TORONTO SCARBOROUGH HEALTH NETWORK,979,Large Community Hospital,Noura Gharibo Shaw,NA,Chief Human Resources Officer (CHRO),2025-11-23,scraped,https://www.shn.ca/about-us/hospital-leadership/,div_classes,NA
TORONTO SCARBOROUGH HEALTH NETWORK,979,Large Community Hospital,Lauren Rinaldo,NA,"Director, Corporate Initiatives",2025-11-23,scraped,https://www.shn.ca/about-us/hospital-leadership/,div_classes,NA
TORONTO SCARBOROUGH HEALTH NETWORK,979,Large Community Hospital,Alicia Vandermeer,NA,"President and CEO, SHN Foundation",2025-11-23,scraped,https://www.shn.ca/about-us/hospital-leadership/,div_classes,NA
TORONTO HOSPITAL FOR SICK CHILDREN,837,Specialty Children Hospital,Ronald Cohn,NA,President & CEO,2025-11-23,scraped,https://www.sickkids.ca/en/about/leadership/,div_classes,NA
TORONTO HOSPITAL FOR SICK CHILDREN,837,Specialty Children Hospital,Jeff Mainland,NA,Executive Vice-President,2025-11-23,scraped,https://www.sickkids.ca/en/about/leadership/,div_classes,NA
TORONTO HOSPITAL FOR SICK CHILDREN,837,Specialty Children Hospital,Megan Evans,NA,Vice-President and Chief Legal and Risk Officer,2025-11-23,scraped,https://www.sickkids.ca/en/about/leadership/,div_classes,NA
TORONTO HOSPITAL FOR SICK CHILDREN,837,Specialty Children Hospital,Lennox Huang,NA,Lennox Huang is the Chief Medical Officer and Vice-President of Medical and Academic Affairs.,2025-11-23,scraped,https://www.sickkids.ca/en/about/leadership/,div_classes,NA
TORONTO HOSPITAL FOR SICK CHILDREN,837,Specialty Children Hospital,Gloria Kain,NA,"Vice-President, Planning, Development and Transformation",2025-11-23,scraped,https://www.sickkids.ca/en/about/leadership/,div_classes,NA
TORONTO HOSPITAL FOR SICK CHILDREN,837,Specialty Children Hospital,Karen Kinnear,NA,"Vice-President, Clinical Operations",2025-11-23,scraped,https://www.sickkids.ca/en/about/leadership/,div_classes,NA
TORONTO HOSPITAL FOR SICK CHILDREN,837,Specialty Children Hospital,Young Lee,NA,"Vice President, Finance and Chief Financial Officer",2025-11-23,scraped,https://www.sickkids.ca/en/about/leadership/,div_classes,NA
TORONTO HOSPITAL FOR SICK CHILDREN,837,Specialty Children Hospital,Sarah Muttitt,NA,Vice-President and Chief Information Officer,2025-11-23,scraped,https://www.sickkids.ca/en/about/leadership/,div_classes,NA
TORONTO HOSPITAL FOR SICK CHILDREN,837,Specialty Children Hospital,Susan O'Dowd,NA,"Vice-President, Human Resources",2025-11-23,scraped,https://www.sickkids.ca/en/about/leadership/,div_classes,NA
TORONTO HOSPITAL FOR SICK CHILDREN,837,Specialty Children Hospital,Judy Van Clieaf,NA,"Vice-President, Clinical Operations and Chief Nursing Officer",2025-11-23,scraped,https://www.sickkids.ca/en/about/leadership/,div_classes,NA
TORONTO HOSPITAL FOR SICK CHILDREN,837,Specialty Children Hospital,Meredith Irwin,NA,Paediatrician-in-Chief,2025-11-23,scraped,https://www.sickkids.ca/en/about/leadership/,div_classes,NA
TORONTO HOSPITAL FOR SICK CHILDREN,837,Specialty Children Hospital,Abhaya Kulkarni,NA,Surgeon-in-Chief,2025-11-23,scraped,https://www.sickkids.ca/en/about/leadership/,div_classes,NA
TORONTO HOSPITAL FOR SICK CHILDREN,837,Specialty Children Hospital,Indra Narang,NA,"Interim Executive Lead, Strategic Advisor for Equity, Diversity and Inclusion (EDI)",2025-11-23,scraped,https://www.sickkids.ca/en/about/leadership/,div_classes,NA
TORONTO HOSPITAL FOR SICK CHILDREN,837,Specialty Children Hospital,Stephen Scherer,NA,"Chief of Research, SickKids",2025-11-23,scraped,https://www.sickkids.ca/en/about/leadership/,div_classes,NA
TORONTO SINAI HEALTH SYSTEM,976,Teaching Hospital,Nely Amaral,NA,"Vice President, Quality, Patient Experience, and Awards of Distinction",2025-11-23,scraped,https://www.sinaihealth.ca/about-sinai-health/sinai-health-leadership,div_classes,NA
TORONTO SINAI HEALTH SYSTEM,976,Teaching Hospital,Rob Bull,NA,"Executive Vice President, Finance, Facilities and Capital Development; Chief Financial Officer",2025-11-23,scraped,https://www.sinaihealth.ca/about-sinai-health/sinai-health-leadership,div_classes,NA
TORONTO SINAI HEALTH SYSTEM,976,Teaching Hospital,Louis de Melo,NA,"President and Chief Executive Officer (CEO), Sinai Health Foundation and Executive Vice President, Academic Advancement, Sinai Health",2025-11-23,scraped,https://www.sinaihealth.ca/about-sinai-health/sinai-health-leadership,div_classes,title_length_warning
TORONTO SINAI HEALTH SYSTEM,976,Teaching Hospital,Dr. Yenge Diambomba,NA,Chief Medical Informatics Officer,2025-11-23,scraped,https://www.sinaihealth.ca/about-sinai-health/sinai-health-leadership,div_classes,NA
TORONTO SINAI HEALTH SYSTEM,976,Teaching Hospital,Sandra Dietrich,NA,"Vice President, Performance, Clinical Support Services, and Hospital/Government Partnerships",2025-11-23,scraped,https://www.sinaihealth.ca/about-sinai-health/sinai-health-leadership,div_classes,NA
TORONTO SINAI HEALTH SYSTEM,976,Teaching Hospital,Dr. Anne-Claude Gingras,NA,"Director, Lunenfeld-Tanenbaum Research Institute, and Vice President, Research for Sinai Health",2025-11-23,scraped,https://www.sinaihealth.ca/about-sinai-health/sinai-health-leadership,div_classes,NA
TORONTO SINAI HEALTH SYSTEM,976,Teaching Hospital,Barb Griffin,NA,"Vice President, People Engagement and Chief Human Resources Officer (CHRO)",2025-11-23,scraped,https://www.sinaihealth.ca/about-sinai-health/sinai-health-leadership,div_classes,NA
TORONTO SINAI HEALTH SYSTEM,976,Teaching Hospital,Dr. Jacqueline James,NA,"Vice President, Education",2025-11-23,scraped,https://www.sinaihealth.ca/about-sinai-health/sinai-health-leadership,div_classes,NA
TORONTO SINAI HEALTH SYSTEM,976,Teaching Hospital,Carey Lucki,NA,"Vice President, Sinai Health and Chief Executive Officer, Circle of Care",2025-11-23,scraped,https://www.sinaihealth.ca/about-sinai-health/sinai-health-leadership,div_classes,NA
TORONTO SINAI HEALTH SYSTEM,976,Teaching Hospital,Ian McDermott,NA,"Vice President, Facilities and Capital Development",2025-11-23,scraped,https://www.sinaihealth.ca/about-sinai-health/sinai-health-leadership,div_classes,NA
TORONTO SINAI HEALTH SYSTEM,976,Teaching Hospital,Jane Merkley,NA,"Executive Vice President, Chief Nurse Executive, and Chief Operating Officer",2025-11-23,scraped,https://www.sinaihealth.ca/about-sinai-health/sinai-health-leadership,div_classes,NA
TORONTO SINAI HEALTH SYSTEM,976,Teaching Hospital,Dr. Gary Newton,NA,"Secretary, Sinai Health Board; President and Chief Executive Officer, Sinai Health",2025-11-23,scraped,https://www.sinaihealth.ca/about-sinai-health/sinai-health-leadership,div_classes,NA
TORONTO SINAI HEALTH SYSTEM,976,Teaching Hospital,Dr. Howard Ovens,NA,Chief Medical Strategy Officer,2025-11-23,scraped,https://www.sinaihealth.ca/about-sinai-health/sinai-health-leadership,div_classes,NA
TORONTO SINAI HEALTH SYSTEM,976,Teaching Hospital,Kara Ronald,NA,"Vice President, Professional Practice, Nursing and Health Disciplines",2025-11-23,scraped,https://www.sinaihealth.ca/about-sinai-health/sinai-health-leadership,div_classes,NA
TORONTO SINAI HEALTH SYSTEM,976,Teaching Hospital,Dr. Lesley Wiesenfeld,NA,"Executive Vice President, Academic and Medical Affairs",2025-11-23,scraped,https://www.sinaihealth.ca/about-sinai-health/sinai-health-leadership,div_classes,NA
TORONTO SINAI HEALTH SYSTEM,976,Teaching Hospital,Kate Wilkinson,NA,"Vice President, Clinical Operations and Enterprise Risk",2025-11-23,scraped,https://www.sinaihealth.ca/about-sinai-health/sinai-health-leadership,div_classes,NA
ST THOMAS ELGIN GENERAL,793,Large Community Hospital,Karen Davies,NA,President & Chief Executive Officer,2025-11-23,scraped,https://www.stegh.on.ca/about-us/our-leadership/,p_with_bold_and_br,NA
ST THOMAS ELGIN GENERAL,793,Large Community Hospital,Dr. Erica Van Daalen,NA,Chief of Staff,2025-11-23,scraped,https://www.stegh.on.ca/about-us/our-leadership/,p_with_bold_and_br,NA
ST THOMAS ELGIN GENERAL,793,Large Community Hospital,Craig Watkin,NA,"Vice President, Patient Services & Chief Nursing Executive",2025-11-23,scraped,https://www.stegh.on.ca/about-us/our-leadership/,p_with_bold_and_br,NA
ST THOMAS ELGIN GENERAL,793,Large Community Hospital,Monica Olanski,NA,"Vice President, Patient Services & Chief Information Officer",2025-11-23,scraped,https://www.stegh.on.ca/about-us/our-leadership/,p_with_bold_and_br,NA
ST THOMAS ELGIN GENERAL,793,Large Community Hospital,Tonya Sheldon,NA,Vice President & Chief Financial Officer,2025-11-23,scraped,https://www.stegh.on.ca/about-us/our-leadership/,p_with_bold_and_br,NA
ST THOMAS ELGIN GENERAL,793,Large Community Hospital,Shawna Cunningham,NA,"Vice President, People Services and Strategy",2025-11-23,scraped,https://www.stegh.on.ca/about-us/our-leadership/,p_with_bold_and_br,NA
MISSISSAUGA TRILLIUM HEALTH PARTNER,975,Large Community Hospital,Karli Farrow,NA,President & CEO,2025-11-23,scraped,https://www.thp.ca/aboutus/Pages/Seniorleadership.aspx,h2_combined_complex,NA
MISSISSAUGA TRILLIUM HEALTH PARTNER,975,Large Community Hospital,Dr. Sam Sabbah,NA,Chief of Staff,2025-11-23,scraped,https://www.thp.ca/aboutus/Pages/Seniorleadership.aspx,h2_combined_complex,NA
MISSISSAUGA TRILLIUM HEALTH PARTNER,975,Large Community Hospital,Scott Jarrett,MBA,Chief Operating Officer Executive Vice President,2025-11-23,scraped,https://www.thp.ca/aboutus/Pages/Seniorleadership.aspx,h2_combined_complex,NA
MISSISSAUGA TRILLIUM HEALTH PARTNER,975,Large Community Hospital,Terri Irwin,NA,"Chief Nursing Executive Executive Vice President, Patient Care Services",2025-11-23,scraped,https://www.thp.ca/aboutus/Pages/Seniorleadership.aspx,h2_combined_complex,NA
MISSISSAUGA TRILLIUM HEALTH PARTNER,975,Large Community Hospital,Dr. Amir Ginzburg,NA,"Executive Vice President, Quality, Risk, and Patient Experience",2025-11-23,scraped,https://www.thp.ca/aboutus/Pages/Seniorleadership.aspx,h2_combined_complex,NA
MISSISSAUGA TRILLIUM HEALTH PARTNER,975,Large Community Hospital,Shalu Bains,NA,"Executive Vice President, Performance and Planning and Chief Information and Analytics Officer",2025-11-23,scraped,https://www.thp.ca/aboutus/Pages/Seniorleadership.aspx,h2_combined_complex,NA
MISSISSAUGA TRILLIUM HEALTH PARTNER,975,Large Community Hospital,Dr. Alison Freeland,NA,"Executive Vice President, Academic Associate Dean, Temerty Faculty of Medicine, University of Toronto Mississauga",2025-11-23,scraped,https://www.thp.ca/aboutus/Pages/Seniorleadership.aspx,h2_combined_complex,title_length_warning
MISSISSAUGA TRILLIUM HEALTH PARTNER,975,Large Community Hospital,Stephanie Joyce,NA,"Senior Vice President, Patient Care Services",2025-11-23,scraped,https://www.thp.ca/aboutus/Pages/Seniorleadership.aspx,h2_combined_complex,NA
MISSISSAUGA TRILLIUM HEALTH PARTNER,975,Large Community Hospital,Melissa Morey Hollis,NA,"Senior Vice President, Patient Care Services",2025-11-23,scraped,https://www.thp.ca/aboutus/Pages/Seniorleadership.aspx,h2_combined_complex,NA
MISSISSAUGA TRILLIUM HEALTH PARTNER,975,Large Community Hospital,Farah Khan,NA,"Senior Vice President, Patient Care Services",2025-11-23,scraped,https://www.thp.ca/aboutus/Pages/Seniorleadership.aspx,h2_combined_complex,NA
MISSISSAUGA TRILLIUM HEALTH PARTNER,975,Large Community Hospital,Carol Vinette-Hancharyk,NA,"Senior Vice President, Financial Services and Chief Financial Officer",2025-11-23,scraped,https://www.thp.ca/aboutus/Pages/Seniorleadership.aspx,h2_combined_complex,NA
MISSISSAUGA TRILLIUM HEALTH PARTNER,975,Large Community Hospital,Simone Harrington,NA,"Senior Vice President, Talent and Chief People Officer",2025-11-23,scraped,https://www.thp.ca/aboutus/Pages/Seniorleadership.aspx,h2_combined_complex,NA
MISSISSAUGA TRILLIUM HEALTH PARTNER,975,Large Community Hospital,David Longley,NA,"Senior Vice President, Capital Planning and Redevelopment",2025-11-23,scraped,https://www.thp.ca/aboutus/Pages/Seniorleadership.aspx,h2_combined_complex,NA
MISSISSAUGA TRILLIUM HEALTH PARTNER,975,Large Community Hospital,Aderemi ('Remi) Ejiwunmi,NA,"Vice President, Shah Family Hospital for Women and Children",2025-11-23,scraped,https://www.thp.ca/aboutus/Pages/Seniorleadership.aspx,h2_combined_complex,NA
MISSISSAUGA TRILLIUM HEALTH PARTNER,975,Large Community Hospital,Dr. Chris Hayes,NA,Chief Health Information Officer,2025-11-23,scraped,https://www.thp.ca/aboutus/Pages/Seniorleadership.aspx,h2_combined_complex,NA
MISSISSAUGA TRILLIUM HEALTH PARTNER,975,Large Community Hospital,Shawn Kerr,NA,"Vice President, Community Development and Public Affairs",2025-11-23,scraped,https://www.thp.ca/aboutus/Pages/Seniorleadership.aspx,h2_combined_complex,NA
MISSISSAUGA TRILLIUM HEALTH PARTNER,975,Large Community Hospital,Dr. Laura Rosella,NA,"Chief Scientist, Institute for Better Health",2025-11-23,scraped,https://www.thp.ca/aboutus/Pages/Seniorleadership.aspx,h2_combined_complex,NA
MISSISSAUGA TRILLIUM HEALTH PARTNER,975,Large Community Hospital,"Nicole Vaz, L",NA,General Counsel & Chief Compliance and Privacy Officer,2025-11-23,scraped,https://www.thp.ca/aboutus/Pages/Seniorleadership.aspx,h2_combined_complex,NA
TORONTO UNIVERSITY HEALTH NETWORK,947,Teaching Hospital,Dr. Kevin Smith,NA,President and CEO,2025-11-23,manual_entry,https://www.uhn.ca/corporate/AboutUHN/Governance_Leadership/Pages/Our_Leaders.aspx,manual_entry_required,NA
TORONTO UNIVERSITY HEALTH NETWORK,947,Teaching Hospital,Andrew Boozary,NA,"Executive Director, Social Medicine and Population Health",2025-11-23,manual_entry,https://www.uhn.ca/corporate/AboutUHN/Governance_Leadership/Pages/Our_Leaders.aspx,manual_entry_required,NA
TORONTO UNIVERSITY HEALTH NETWORK,947,Teaching Hospital,Michael Caesar,NA,Chief Data and Analytics Officer,2025-11-23,manual_entry,https://www.uhn.ca/corporate/AboutUHN/Governance_Leadership/Pages/Our_Leaders.aspx,manual_entry_required,NA
TORONTO UNIVERSITY HEALTH NETWORK,947,Teaching Hospital,Lucas Chartier,NA,"Vice President, Quality and Safety",2025-11-23,manual_entry,https://www.uhn.ca/corporate/AboutUHN/Governance_Leadership/Pages/Our_Leaders.aspx,manual_entry_required,NA
TORONTO UNIVERSITY HEALTH NETWORK,947,Teaching Hospital,Anil Chopra,NA,"Vice President, Medical Affairs",2025-11-23,manual_entry,https://www.uhn.ca/corporate/AboutUHN/Governance_Leadership/Pages/Our_Leaders.aspx,manual_entry_required,NA
TORONTO UNIVERSITY HEALTH NETWORK,947,Teaching Hospital,Darlene Dasent,NA,Executive Vice President & Chief Financial Officer,2025-11-23,manual_entry,https://www.uhn.ca/corporate/AboutUHN/Governance_Leadership/Pages/Our_Leaders.aspx,manual_entry_required,NA
TORONTO UNIVERSITY HEALTH NETWORK,947,Teaching Hospital,Doug Earle,NA,"CEO, West Park Healthcare Centre Foundation",2025-11-23,manual_entry,https://www.uhn.ca/corporate/AboutUHN/Governance_Leadership/Pages/Our_Leaders.aspx,manual_entry_required,NA
TORONTO UNIVERSITY HEALTH NETWORK,947,Teaching Hospital,Marnie Escaf,NA,"Vice President, Clinical",2025-11-23,manual_entry,https://www.uhn.ca/corporate/AboutUHN/Governance_Leadership/Pages/Our_Leaders.aspx,manual_entry_required,NA
TORONTO UNIVERSITY HEALTH NETWORK,947,Teaching Hospital,Thomas Forbes,NA,Surgeon-in-Chief,2025-11-23,manual_entry,https://www.uhn.ca/corporate/AboutUHN/Governance_Leadership/Pages/Our_Leaders.aspx,manual_entry_required,NA
TORONTO UNIVERSITY HEALTH NETWORK,947,Teaching Hospital,Carolyn Gosse,NA,"Vice President, Clinical",2025-11-23,manual_entry,https://www.uhn.ca/corporate/AboutUHN/Governance_Leadership/Pages/Our_Leaders.aspx,manual_entry_required,NA
TORONTO UNIVERSITY HEALTH NETWORK,947,Teaching Hospital,Brian Hodges,NA,"Executive Vice President, Education & Chief Medical Officer",2025-11-23,manual_entry,https://www.uhn.ca/corporate/AboutUHN/Governance_Leadership/Pages/Our_Leaders.aspx,manual_entry_required,NA
TORONTO UNIVERSITY HEALTH NETWORK,947,Teaching Hospital,Pam Hubley,NA,Vice President & Chief Nurse Executive,2025-11-23,manual_entry,https://www.uhn.ca/corporate/AboutUHN/Governance_Leadership/Pages/Our_Leaders.aspx,manual_entry_required,NA
TORONTO UNIVERSITY HEALTH NETWORK,947,Teaching Hospital,Shiran Isaacksz,NA,"Vice President, Clinical",2025-11-23,manual_entry,https://www.uhn.ca/corporate/AboutUHN/Governance_Leadership/Pages/Our_Leaders.aspx,manual_entry_required,NA
TORONTO UNIVERSITY HEALTH NETWORK,947,Teaching Hospital,Shaf Keshavjee,NA,Chief of Innovation,2025-11-23,manual_entry,https://www.uhn.ca/corporate/AboutUHN/Governance_Leadership/Pages/Our_Leaders.aspx,manual_entry_required,NA
TORONTO UNIVERSITY HEALTH NETWORK,947,Teaching Hospital,Kyla Kumar,NA,"Vice President, Communications & Brand Strategy",2025-11-23,manual_entry,https://www.uhn.ca/corporate/AboutUHN/Governance_Leadership/Pages/Our_Leaders.aspx,manual_entry_required,NA
TORONTO UNIVERSITY HEALTH NETWORK,947,Teaching Hospital,Aimee Langan,NA,"Vice President, Clinical",2025-11-23,manual_entry,https://www.uhn.ca/corporate/AboutUHN/Governance_Leadership/Pages/Our_Leaders.aspx,manual_entry_required,NA
TORONTO UNIVERSITY HEALTH NETWORK,947,Teaching Hospital,Joel Montesanti,NA,Chief Strategy Officer,2025-11-23,manual_entry,https://www.uhn.ca/corporate/AboutUHN/Governance_Leadership/Pages/Our_Leaders.aspx,manual_entry_required,NA
TORONTO UNIVERSITY HEALTH NETWORK,947,Teaching Hospital,Sarah Muttitt,NA,Vice President & Chief Information Officer,2025-11-23,manual_entry,https://www.uhn.ca/corporate/AboutUHN/Governance_Leadership/Pages/Our_Leaders.aspx,manual_entry_required,NA
TORONTO UNIVERSITY HEALTH NETWORK,947,Teaching Hospital,Janet Newton,NA,"Vice President, Clinical",2025-11-23,manual_entry,https://www.uhn.ca/corporate/AboutUHN/Governance_Leadership/Pages/Our_Leaders.aspx,manual_entry_required,NA
TORONTO UNIVERSITY HEALTH NETWORK,947,Teaching Hospital,Michael O'Leary,NA,Principal of the Michener Institute of Education,2025-11-23,manual_entry,https://www.uhn.ca/corporate/AboutUHN/Governance_Leadership/Pages/Our_Leaders.aspx,manual_entry_required,NA
TORONTO UNIVERSITY HEALTH NETWORK,947,Teaching Hospital,Julie Quenneville,NA,"CEO, UHN Foundation",2025-11-23,manual_entry,https://www.uhn.ca/corporate/AboutUHN/Governance_Leadership/Pages/Our_Leaders.aspx,manual_entry_required,NA
TORONTO UNIVERSITY HEALTH NETWORK,947,Teaching Hospital,Rebecca Repa,NA,"Executive Vice President, Clinical, Performance and Real Estate",2025-11-23,manual_entry,https://www.uhn.ca/corporate/AboutUHN/Governance_Leadership/Pages/Our_Leaders.aspx,manual_entry_required,NA
TORONTO UNIVERSITY HEALTH NETWORK,947,Teaching Hospital,Mark Spencer,NA,"Executive Vice President, People & Culture",2025-11-23,manual_entry,https://www.uhn.ca/corporate/AboutUHN/Governance_Leadership/Pages/Our_Leaders.aspx,manual_entry_required,NA
TORONTO UNIVERSITY HEALTH NETWORK,947,Teaching Hospital,Keith Stewart,NA,"Vice President, Clinical and Lab Medicine",2025-11-23,manual_entry,https://www.uhn.ca/corporate/AboutUHN/Governance_Leadership/Pages/Our_Leaders.aspx,manual_entry_required,NA
TORONTO UNIVERSITY HEALTH NETWORK,947,Teaching Hospital,Kathryn Tinckam,NA,Physician-in-Chief,2025-11-23,manual_entry,https://www.uhn.ca/corporate/AboutUHN/Governance_Leadership/Pages/Our_Leaders.aspx,manual_entry_required,NA
TORONTO UNIVERSITY HEALTH NETWORK,947,Teaching Hospital,Marc Toppings,NA,Vice President & Chief Legal Officer,2025-11-23,manual_entry,https://www.uhn.ca/corporate/AboutUHN/Governance_Leadership/Pages/Our_Leaders.aspx,manual_entry_required,NA
TORONTO UNIVERSITY HEALTH NETWORK,947,Teaching Hospital,Jake Tran,NA,"Vice President, Clinical",2025-11-23,manual_entry,https://www.uhn.ca/corporate/AboutUHN/Governance_Leadership/Pages/Our_Leaders.aspx,manual_entry_required,NA
TORONTO UNIVERSITY HEALTH NETWORK,947,Teaching Hospital,Aristotle Voineskos,NA,"Vice President, UHN-CAMH Partnership",2025-11-23,manual_entry,https://www.uhn.ca/corporate/AboutUHN/Governance_Leadership/Pages/Our_Leaders.aspx,manual_entry_required,NA
TORONTO UNIVERSITY HEALTH NETWORK,947,Teaching Hospital,Bo Wang,NA,Chief Artificial Intelligence Scientist,2025-11-23,manual_entry,https://www.uhn.ca/corporate/AboutUHN/Governance_Leadership/Pages/Our_Leaders.aspx,manual_entry_required,NA
TORONTO UNIVERSITY HEALTH NETWORK,947,Teaching Hospital,Brad Wouters,NA,"Executive Vice President, Science & Research",2025-11-23,manual_entry,https://www.uhn.ca/corporate/AboutUHN/Governance_Leadership/Pages/Our_Leaders.aspx,manual_entry_required,NA
TORONTO UNIVERSITY HEALTH NETWORK,947,Teaching Hospital,Miyo Yamashita,NA,"President & CEO, The Princess Margaret Cancer Foundation",2025-11-23,manual_entry,https://www.uhn.ca/corporate/AboutUHN/Governance_Leadership/Pages/Our_Leaders.aspx,manual_entry_required,NA
BRAMPTON WILLIAM OSLER,951,Large Community Hospital,Dr. Frank Martino,NA,President and CEO,2025-11-23,scraped,https://www.williamoslerhs.ca/en/who-we-are/leadership-team.aspx?_mid_=102146,combined_h2,NA
BRAMPTON WILLIAM OSLER,951,Large Community Hospital,Marco Deiana,NA,"Vice President, Legal Affairs and General Counsel",2025-11-23,scraped,https://www.williamoslerhs.ca/en/who-we-are/leadership-team.aspx?_mid_=102146,combined_h2,NA
BRAMPTON WILLIAM OSLER,951,Large Community Hospital,Sarbjit Dheri,NA,"Vice President, Finance and Deputy Chief Financial Officer",2025-11-23,scraped,https://www.williamoslerhs.ca/en/who-we-are/leadership-team.aspx?_mid_=102146,combined_h2,NA
BRAMPTON WILLIAM OSLER,951,Large Community Hospital,Kiki Ferrari,NA,"Executive Vice President, and Chief Clinical Officer",2025-11-23,scraped,https://www.williamoslerhs.ca/en/who-we-are/leadership-team.aspx?_mid_=102146,combined_h2,NA
BRAMPTON WILLIAM OSLER,951,Large Community Hospital,Cara Francis,NA,"Vice President, Communications and Stakeholder Relations",2025-11-23,scraped,https://www.williamoslerhs.ca/en/who-we-are/leadership-team.aspx?_mid_=102146,combined_h2,NA
BRAMPTON WILLIAM OSLER,951,Large Community Hospital,Fred Go,NA,"Vice President, Clinical Services",2025-11-23,scraped,https://www.williamoslerhs.ca/en/who-we-are/leadership-team.aspx?_mid_=102146,combined_h2,NA
BRAMPTON WILLIAM OSLER,951,Large Community Hospital,Kelly Kimens,NA,"Executive Vice President, People and Governance",2025-11-23,scraped,https://www.williamoslerhs.ca/en/who-we-are/leadership-team.aspx?_mid_=102146,combined_h2,NA
BRAMPTON WILLIAM OSLER,951,Large Community Hospital,Florine Lobo,NA,"Executive Vice President, Chief Operating Officer and Chief Financial Officer",2025-11-23,scraped,https://www.williamoslerhs.ca/en/who-we-are/leadership-team.aspx?_mid_=102146,combined_h2,NA
BRAMPTON WILLIAM OSLER,951,Large Community Hospital,Ken Mayhew,NA,"President and CEO, William Osler Health System Foundation",2025-11-23,scraped,https://www.williamoslerhs.ca/en/who-we-are/leadership-team.aspx?_mid_=102146,combined_h2,NA
BRAMPTON WILLIAM OSLER,951,Large Community Hospital,Carole Moore,NA,"Vice President, Clinical Services",2025-11-23,scraped,https://www.williamoslerhs.ca/en/who-we-are/leadership-team.aspx?_mid_=102146,combined_h2,NA
BRAMPTON WILLIAM OSLER,951,Large Community Hospital,Scott Patterson,NA,"Vice President, Facilities Operations and Capital Development",2025-11-23,scraped,https://www.williamoslerhs.ca/en/who-we-are/leadership-team.aspx?_mid_=102146,combined_h2,NA
BRAMPTON WILLIAM OSLER,951,Large Community Hospital,Tony Raso,NA,"Vice President, Clinical Services",2025-11-23,scraped,https://www.williamoslerhs.ca/en/who-we-are/leadership-team.aspx?_mid_=102146,combined_h2,NA
BRAMPTON WILLIAM OSLER,951,Large Community Hospital,Tiziana Rivera,NA,"Executive Vice President, Quality, Research and Chief Nursing Executive",2025-11-23,scraped,https://www.williamoslerhs.ca/en/who-we-are/leadership-team.aspx?_mid_=102146,combined_h2,NA
BRAMPTON WILLIAM OSLER,951,Large Community Hospital,Dr. Greg Rutledge,NA,"Chief of Staff and Executive Vice President, Medical and Academic Affairs",2025-11-23,scraped,https://www.williamoslerhs.ca/en/who-we-are/leadership-team.aspx?_mid_=102146,combined_h2,NA
BRAMPTON WILLIAM OSLER,951,Large Community Hospital,Dr. Hemant Shah,NA,"Vice President, Academics",2025-11-23,scraped,https://www.williamoslerhs.ca/en/who-we-are/leadership-team.aspx?_mid_=102146,combined_h2,NA
BRAMPTON WILLIAM OSLER,951,Large Community Hospital,Deepak Sharma,NA,"Vice President, Strategy and Organizational Performance",2025-11-23,scraped,https://www.williamoslerhs.ca/en/who-we-are/leadership-team.aspx?_mid_=102146,combined_h2,NA
BRAMPTON WILLIAM OSLER,951,Large Community Hospital,David Stankiewicz,NA,"Vice President, Digital Health and Chief Information and Privacy Officer",2025-11-23,scraped,https://www.williamoslerhs.ca/en/who-we-are/leadership-team.aspx?_mid_=102146,combined_h2,NA
KINGSTON PROVIDENCE CARE HOSPITAL,695,Chronic/Rehab Hospital,Cathy Szabo,NA,President & CEO,2025-11-23,scraped,https://providencecare.ca/about-us/senior-leadership-team/,div_classes,NA
KINGSTON PROVIDENCE CARE HOSPITAL,695,Chronic/Rehab Hospital,Jonathon Bingeman,NA,"Vice President, Finance & Digital Transformation; Chief Financial Officer",2025-11-23,scraped,https://providencecare.ca/about-us/senior-leadership-team/,div_classes,NA
KINGSTON PROVIDENCE CARE HOSPITAL,695,Chronic/Rehab Hospital,Clarence Willms,NA,"Vice President, Mission, Values and People",2025-11-23,scraped,https://providencecare.ca/about-us/senior-leadership-team/,div_classes,NA
KINGSTON PROVIDENCE CARE HOSPITAL,695,Chronic/Rehab Hospital,Terry Landry,NA,"Vice President, Mental Health and Community Teams",2025-11-23,scraped,https://providencecare.ca/about-us/senior-leadership-team/,div_classes,NA
KINGSTON PROVIDENCE CARE HOSPITAL,695,Chronic/Rehab Hospital,Krista Wells Pearce,NA,"Vice President Corporate Services; Executive Director, Hospice",2025-11-23,scraped,https://providencecare.ca/about-us/senior-leadership-team/,div_classes,NA
KINGSTON PROVIDENCE CARE HOSPITAL,695,Chronic/Rehab Hospital,Darcy Woods Fournier,NA,"Vice President Patient Care, Long Term Care and Chief Nursing Executive",2025-11-23,scraped,https://providencecare.ca/about-us/senior-leadership-team/,div_classes,NA
KINGSTON PROVIDENCE CARE HOSPITAL,695,Chronic/Rehab Hospital,Dr. Roumen Milev,NA,Vice President Medical & Academic Affairs,2025-11-23,scraped,https://providencecare.ca/about-us/senior-leadership-team/,div_classes,NA
KINGSTON PROVIDENCE CARE HOSPITAL,695,Chronic/Rehab Hospital,Dr. Simon O'Brien,NA,"Chair, Medical Advisory Committee",2025-11-23,scraped,https://providencecare.ca/about-us/senior-leadership-team/,div_classes,NA
KINGSTON PROVIDENCE CARE HOSPITAL,695,Chronic/Rehab Hospital,Chandra Davies,NA,"Director, Governance, Corporate Secretary, Privacy Officer",2025-11-23,scraped,https://providencecare.ca/about-us/senior-leadership-team/,div_classes,NA
KINGSTON PROVIDENCE CARE HOSPITAL,695,Chronic/Rehab Hospital,Jessica Herbison,NA,"Director, Communications & Reception Services",2025-11-23,scraped,https://providencecare.ca/about-us/senior-leadership-team/,div_classes,NA
KINGSTON PROVIDENCE CARE HOSPITAL,695,Chronic/Rehab Hospital,Allison Philpot,NA,Vice President System Innovation & Executive Director Medical Affairs and Research,2025-11-23,scraped,https://providencecare.ca/about-us/senior-leadership-team/,div_classes,NA
KINGSTON PROVIDENCE CARE HOSPITAL,695,Chronic/Rehab Hospital,Tamas Zsolnay,NA,"President & CEO, University Hospitals Kingston Foundation",2025-11-23,scraped,https://providencecare.ca/about-us/senior-leadership-team/,div_classes,NA
Elizabeth Bruyere Hospital,932,Chronic/Rehab Hospital,Guy Chartrand,NA,President and CEO,2025-11-23,scraped,https://www.bruyere.org/en/leadership-team?v=1,h2_name_p_title,NA
Elizabeth Bruyere Hospital,932,Chronic/Rehab Hospital,Paula Doering,NA,"Senior Vice-President, Clinical Programs, Chief Nursing Executive and Allied Health Professionals",2025-11-23,scraped,https://www.bruyere.org/en/leadership-team?v=1,h2_name_p_title,NA
Elizabeth Bruyere Hospital,932,Chronic/Rehab Hospital,Melissa Donskov,NA,"Vice-President, Residential and Community Care Programs",2025-11-23,scraped,https://www.bruyere.org/en/leadership-team?v=1,h2_name_p_title,NA
Elizabeth Bruyere Hospital,932,Chronic/Rehab Hospital,Melanie Dube,NA,"Chief Financial Officer, Vice-President Corporate Services, Planning and Redevelopment",2025-11-23,scraped,https://www.bruyere.org/en/leadership-team?v=1,h2_name_p_title,NA
Elizabeth Bruyere Hospital,932,Chronic/Rehab Hospital,Samantha G. Hamilton,NA,"Vice-president, Quality and Performance",2025-11-23,scraped,https://www.bruyere.org/en/leadership-team?v=1,h2_name_p_title,NA
Elizabeth Bruyere Hospital,932,Chronic/Rehab Hospital,Dr. Shawn Marshall,NA,Chief of Staff,2025-11-23,scraped,https://www.bruyere.org/en/leadership-team?v=1,h2_name_p_title,NA
Elizabeth Bruyere Hospital,932,Chronic/Rehab Hospital,Rebecca Officer,NA,"Vice-President, Human Resources and Organizational Culture and Development",2025-11-23,scraped,https://www.bruyere.org/en/leadership-team?v=1,h2_name_p_title,NA
Elizabeth Bruyere Hospital,932,Chronic/Rehab Hospital,Peggy Taillon,NA,"Vice-President, Strategy, Engagement, Communications, Development and Integration",2025-11-23,scraped,https://www.bruyere.org/en/leadership-team?v=1,h2_name_p_title,NA
Elizabeth Bruyere Hospital,932,Chronic/Rehab Hospital,Dr. Kumanan Wilson,NA,CEO and Chief Scientific Officer of the Bruyere Health Research Institute and Vice-President of Research and Academic Affairs,2025-11-23,scraped,https://www.bruyere.org/en/leadership-team?v=1,h2_name_p_title,title_length_warning
Elizabeth Bruyere Hospital,932,Chronic/Rehab Hospital,Kim Curran,NA,"Acting, Executive Director, Bruyere Health Foundation",2025-11-23,scraped,https://www.bruyere.org/en/leadership-team?v=1,h2_name_p_title,NA
ST CATHARINES HOTEL DIEU,790,Chronic/Rehab Hospital,Dr. David Ceglie,NA,Chief Executive Officer,2025-11-23,scraped,https://www.hoteldieushaver.org/site/team,list_items,NA
ST CATHARINES HOTEL DIEU,790,Chronic/Rehab Hospital,Dr. Galina Arvinte,NA,Chief of Staff,2025-11-23,scraped,https://www.hoteldieushaver.org/site/team,list_items,NA
ST CATHARINES HOTEL DIEU,790,Chronic/Rehab Hospital,Sister Louise Dillon,NA,"Director, Mission & Pastoral Services",2025-11-23,scraped,https://www.hoteldieushaver.org/site/team,list_items,NA
ST CATHARINES HOTEL DIEU,790,Chronic/Rehab Hospital,Jennifer Hansen,NA,"Vice President, Clinical Operations Chief Nursing Officer / Director, Nursing",2025-11-23,scraped,https://www.hoteldieushaver.org/site/team,list_items,NA
ST CATHARINES HOTEL DIEU,790,Chronic/Rehab Hospital,Dr. Zeau Ismail,NA,"Executive Vice President, Corporate Services & Research",2025-11-23,scraped,https://www.hoteldieushaver.org/site/team,list_items,NA
ST CATHARINES HOTEL DIEU,790,Chronic/Rehab Hospital,Shawn Bolger,NA,"Manager, Housekeeping",2025-11-23,scraped,https://www.hoteldieushaver.org/site/team,list_items,NA
ST CATHARINES HOTEL DIEU,790,Chronic/Rehab Hospital,Jeane Davis Fyfe,NA,"Director, Rehabilitation Manager, Inpatient Rehabilitation Services",2025-11-23,scraped,https://www.hoteldieushaver.org/site/team,list_items,NA
ST CATHARINES HOTEL DIEU,790,Chronic/Rehab Hospital,Amanda Fyfe,NA,"Manager, Finance",2025-11-23,scraped,https://www.hoteldieushaver.org/site/team,list_items,NA
ST CATHARINES HOTEL DIEU,790,Chronic/Rehab Hospital,Stacey Hancharyk,NA,"Manager, Inpatient Nursing Rehabilitation",2025-11-23,scraped,https://www.hoteldieushaver.org/site/team,list_items,NA
ST CATHARINES HOTEL DIEU,790,Chronic/Rehab Hospital,Ariel Jackson,NA,"Director, Human Resources",2025-11-23,scraped,https://www.hoteldieushaver.org/site/team,list_items,NA
ST CATHARINES HOTEL DIEU,790,Chronic/Rehab Hospital,Nicole Johnson,NA,"Manager, Health Informatics",2025-11-23,scraped,https://www.hoteldieushaver.org/site/team,list_items,NA
ST CATHARINES HOTEL DIEU,790,Chronic/Rehab Hospital,Subuddhi Kulkarni,NA,"Director, Pharmacy & Quality Improvement",2025-11-23,scraped,https://www.hoteldieushaver.org/site/team,list_items,NA
ST CATHARINES HOTEL DIEU,790,Chronic/Rehab Hospital,Janice Latam,NA,"Director, Health Data & Patient Relations",2025-11-23,scraped,https://www.hoteldieushaver.org/site/team,list_items,NA
ST CATHARINES HOTEL DIEU,790,Chronic/Rehab Hospital,Julie Marrone,NA,"Director, Finance",2025-11-23,scraped,https://www.hoteldieushaver.org/site/team,list_items,NA
ST CATHARINES HOTEL DIEU,790,Chronic/Rehab Hospital,Mark Reynolds,NA,"Director, Capital Planning & Redevelopment",2025-11-23,scraped,https://www.hoteldieushaver.org/site/team,list_items,NA
ST CATHARINES HOTEL DIEU,790,Chronic/Rehab Hospital,Lori Serafino-Harper,NA,"Manager, Audiology, Speech & AAC",2025-11-23,scraped,https://www.hoteldieushaver.org/site/team,list_items,NA
ST CATHARINES HOTEL DIEU,790,Chronic/Rehab Hospital,Brock Smith,NA,"Manager, Public Affairs & Redevelopment Communications",2025-11-23,scraped,https://www.hoteldieushaver.org/site/team,list_items,NA
ST CATHARINES HOTEL DIEU,790,Chronic/Rehab Hospital,Stephanie Stone,NA,"Manager, Outpatient Rehabilitation and Specialty Clinics",2025-11-23,scraped,https://www.hoteldieushaver.org/site/team,list_items,NA
ST CATHARINES HOTEL DIEU,790,Chronic/Rehab Hospital,Katie Stranges,NA,"Manager, Internal Communications & Community Relations",2025-11-23,scraped,https://www.hoteldieushaver.org/site/team,list_items,NA
ST CATHARINES HOTEL DIEU,790,Chronic/Rehab Hospital,Ariza Swales,NA,"Manager, Food Services & Clinical Nutrition",2025-11-23,scraped,https://www.hoteldieushaver.org/site/team,list_items,NA
THUNDER BAY ST. JOSEPH'S,781,Chronic/Rehab Hospital,Janine Black,NA,President & Chief Executive Officer,2025-11-23,scraped,https://sjcg.net/aboutus/leadership.aspx,table_rows,NA
THUNDER BAY ST. JOSEPH'S,781,Chronic/Rehab Hospital,Adam Shaen,NA,"Vice President, People & Mission",2025-11-23,scraped,https://sjcg.net/aboutus/leadership.aspx,table_rows,NA
THUNDER BAY ST. JOSEPH'S,781,Chronic/Rehab Hospital,Andrea Docherty,NA,"Vice President, Clinical & Community Health",2025-11-23,scraped,https://sjcg.net/aboutus/leadership.aspx,table_rows,NA
THUNDER BAY ST. JOSEPH'S,781,Chronic/Rehab Hospital,Paul Francis,NA,"Vice President, N'doo'owe Binesi",2025-11-23,scraped,https://sjcg.net/aboutus/leadership.aspx,table_rows,NA
THUNDER BAY ST. JOSEPH'S,781,Chronic/Rehab Hospital,Carolyn Freitag,NA,"Vice President, Clinical & Chief Nursing Executive",2025-11-23,scraped,https://sjcg.net/aboutus/leadership.aspx,table_rows,NA
THUNDER BAY ST. JOSEPH'S,781,Chronic/Rehab Hospital,Byron Ball,NA,"Vice President, Infrastructure & Quality and Chief Financial Officer",2025-11-23,scraped,https://sjcg.net/aboutus/leadership.aspx,table_rows,NA
TORONTO BAYCREST CTR GERIATRIC CARE,827,Chronic/Rehab Hospital,Deb Galet,NA,"President and CEO, Baycrest Hospital and Long Term Care Home",2025-11-23,scraped,https://www.baycrest.org/Baycrest-Pages/About-Baycrest/Leadership/Baycrest-Hospital-Executive-Team,nested_list_with_ids,NA
TORONTO BAYCREST CTR GERIATRIC CARE,827,Chronic/Rehab Hospital,Paul Santin,NA,"Interim VP, Finance and Chief Financial Officer",2025-11-23,scraped,https://www.baycrest.org/Baycrest-Pages/About-Baycrest/Leadership/Baycrest-Hospital-Executive-Team,nested_list_with_ids,NA
TORONTO BAYCREST CTR GERIATRIC CARE,827,Chronic/Rehab Hospital,Dr. Gary Naglie,NA,"VP, Medical Affairs and Chief of Staff",2025-11-23,scraped,https://www.baycrest.org/Baycrest-Pages/About-Baycrest/Leadership/Baycrest-Hospital-Executive-Team,nested_list_with_ids,NA
TORONTO BAYCREST CTR GERIATRIC CARE,827,Chronic/Rehab Hospital,Margot DaCosta,NA,"VP, Inpatient Services, Clinical Support and Chief Nursing Executive",2025-11-23,scraped,https://www.baycrest.org/Baycrest-Pages/About-Baycrest/Leadership/Baycrest-Hospital-Executive-Team,nested_list_with_ids,NA
TORONTO BAYCREST CTR GERIATRIC CARE,827,Chronic/Rehab Hospital,Maria Muia,NA,"VP, Information Systems and Chief Privacy Officer",2025-11-23,scraped,https://www.baycrest.org/Baycrest-Pages/About-Baycrest/Leadership/Baycrest-Hospital-Executive-Team,nested_list_with_ids,NA
TORONTO HOLLAND BLOORVIEW KIDS,939,Chronic/Rehab Hospital,Dr. Evdokia Anagnostou,NA,"Vice President of Research and Director of the Bloorview Research Institute, Child neurologist",2025-11-23,scraped,https://hollandbloorview.ca/about-us/about-holland-bloorview/governance-and-leadership/hospital-executive-leadership-team,div_classes,NA
TORONTO HOLLAND BLOORVIEW KIDS,939,Chronic/Rehab Hospital,Enza Dininio,NA,"Vice President, Corporate Performance, Digital Health Innovation and Chief Financial Officer (CFO)",2025-11-23,scraped,https://hollandbloorview.ca/about-us/about-holland-bloorview/governance-and-leadership/hospital-executive-leadership-team,div_classes,NA
TORONTO HOLLAND BLOORVIEW KIDS,939,Chronic/Rehab Hospital,Golda Milo-Manson,"MD, FRCPC","Vice-President, Medicine and Academic Affairs",2025-11-23,scraped,https://hollandbloorview.ca/about-us/about-holland-bloorview/governance-and-leadership/hospital-executive-leadership-team,div_classes,NA
TORONTO HOLLAND BLOORVIEW KIDS,939,Chronic/Rehab Hospital,Irene Andress,NA,"Vice-President, Programs & Services and Chief Nursing Executive (CNE)",2025-11-23,scraped,https://hollandbloorview.ca/about-us/about-holland-bloorview/governance-and-leadership/hospital-executive-leadership-team,div_classes,NA
TORONTO HOLLAND BLOORVIEW KIDS,939,Chronic/Rehab Hospital,Joanne Maxwell,NA,"Vice president, experience, transformation and social accountability (ETSA)",2025-11-23,scraped,https://hollandbloorview.ca/about-us/about-holland-bloorview/governance-and-leadership/hospital-executive-leadership-team,div_classes,NA
TORONTO HOLLAND BLOORVIEW KIDS,939,Chronic/Rehab Hospital,Julia Hanigsberg,NA,"President and CEO, Holland Bloorview Kids Rehabilitation Hospital",2025-11-23,scraped,https://hollandbloorview.ca/about-us/about-holland-bloorview/governance-and-leadership/hospital-executive-leadership-team,div_classes,NA
TORONTO HOLLAND BLOORVIEW KIDS,939,Chronic/Rehab Hospital,Sandra Hawken,NA,"President and CEO, Holland Bloorview Kids Rehabilitation Hospital Foundation",2025-11-23,scraped,https://hollandbloorview.ca/about-us/about-holland-bloorview/governance-and-leadership/hospital-executive-leadership-team,div_classes,NA
TORONTO HOLLAND BLOORVIEW KIDS,939,Chronic/Rehab Hospital,Stewart Wong,NA,"Vice President, Communications, Strategy and Sustainability",2025-11-23,scraped,https://hollandbloorview.ca/about-us/about-holland-bloorview/governance-and-leadership/hospital-executive-leadership-team,div_classes,NA
TORONTO HOLLAND BLOORVIEW KIDS,939,Chronic/Rehab Hospital,Tracey Millar,NA,"Vice President, People and Culture",2025-11-23,scraped,https://hollandbloorview.ca/about-us/about-holland-bloorview/governance-and-leadership/hospital-executive-leadership-team,div_classes,NA
TORONTO RUNNYMEDE HC,850,Chronic/Rehab Hospital,Nick Migliore Chair,NA,Board of Directors,2025-11-23,scraped,https://runnymedehc.ca/runnymede-difference/about-runnymede/governance/,list_items,NA
TORONTO RUNNYMEDE HC,850,Chronic/Rehab Hospital,Connie Dejak,NA,President and Chief Executive Officer,2025-11-23,scraped,https://runnymedehc.ca/runnymede-difference/about-runnymede/governance/,list_items,NA
TORONTO RUNNYMEDE HC,850,Chronic/Rehab Hospital,Karimah Alidina,NA,Chief Nursing Executive,2025-11-23,scraped,https://runnymedehc.ca/runnymede-difference/about-runnymede/governance/,list_items,NA
TORONTO RUNNYMEDE HC,850,Chronic/Rehab Hospital,Ivo Chopnikolov,NA,Chief Financial Officer,2025-11-23,scraped,https://runnymedehc.ca/runnymede-difference/about-runnymede/governance/,list_items,NA
Windsor Hotel Dieu Grace,927,Chronic/Rehab Hospital,Bill Marra,NA,President and CEO,2025-11-23,manual_entry,https://www.hdgh.org/leadership,manual_entry_required,NA
Windsor Hotel Dieu Grace,927,Chronic/Rehab Hospital,Andrea Steen,NA,Chief of Staff,2025-11-23,manual_entry,https://www.hdgh.org/leadership,manual_entry_required,NA
Windsor Hotel Dieu Grace,927,Chronic/Rehab Hospital,Sherri Laframboise,NA,Chief Financial Officer,2025-11-23,manual_entry,https://www.hdgh.org/leadership,manual_entry_required,NA
Windsor Hotel Dieu Grace,927,Chronic/Rehab Hospital,Sheri McGeen,NA,Chief Human Resources,2025-11-23,manual_entry,https://www.hdgh.org/leadership,manual_entry_required,NA
Windsor Hotel Dieu Grace,927,Chronic/Rehab Hospital,Tammy Kotyk,NA,VP Of Mental Healht and Addictions,2025-11-23,manual_entry,https://www.hdgh.org/leadership,manual_entry_required,NA
Windsor Hotel Dieu Grace,927,Chronic/Rehab Hospital,Shannon Landry,NA,VP of Restorative Care and Chief Nursing Officer,2025-11-23,manual_entry,https://www.hdgh.org/leadership,manual_entry_required,NA
Brantford Brant Community,970,Large Community Hospital,Bonnie Camm,NA,President & Chief Executive Officer,2025-11-23,scraped,https://www.bchsys.org/en/about-us/senior-leadership-team.aspx,combined_h2,NA
Brantford Brant Community,970,Large Community Hospital,Dr. Anirudh Goel,NA,"Chief of Staff, Vice President Medical and Academic Affairs",2025-11-23,scraped,https://www.bchsys.org/en/about-us/senior-leadership-team.aspx,combined_h2,NA
Brantford Brant Community,970,Large Community Hospital,Stuart Paavola,NA,"Vice President, Clinical Services & Chief Nurse Executive",2025-11-23,scraped,https://www.bchsys.org/en/about-us/senior-leadership-team.aspx,combined_h2,NA
Brantford Brant Community,970,Large Community Hospital,Erin Sleeth,NA,"Vice President, People, Culture & Corporate Infrastructure",2025-11-23,scraped,https://www.bchsys.org/en/about-us/senior-leadership-team.aspx,combined_h2,NA
Brantford Brant Community,970,Large Community Hospital,Alena Lukich,NA,"Vice President, Strategy, Quality, Risk & Communications",2025-11-23,scraped,https://www.bchsys.org/en/about-us/senior-leadership-team.aspx,combined_h2,NA
Brantford Brant Community,970,Large Community Hospital,Chad DeBlock,NA,"Vice President, Data Analytics, Health Information Management & Chief Financial Officer",2025-11-23,scraped,https://www.bchsys.org/en/about-us/senior-leadership-team.aspx,combined_h2,NA
Blanche River Health,982,Large Community Hospital,Jorge VanSlyke,NA,President and Chief Executive Officer,2025-11-23,scraped,https://www.blancheriverhealth.ca/about-us/leadership,div_classes,NA
Blanche River Health,982,Large Community Hospital,Samantha Saudino,NA,"Vice President, Clinical Services and Chief Nursing Officer",2025-11-23,scraped,https://www.blancheriverhealth.ca/about-us/leadership,div_classes,NA
Blanche River Health,982,Large Community Hospital,Barbara Effenberger,NA,"Vice President, Corporate Services and Chief Financial Officer",2025-11-23,scraped,https://www.blancheriverhealth.ca/about-us/leadership,div_classes,NA
Blanche River Health,982,Large Community Hospital,Dr. Brian McPherson,NA,Chief of Staff,2025-11-23,scraped,https://www.blancheriverhealth.ca/about-us/leadership,div_classes,NA
Blanche River Health,982,Large Community Hospital,Dr. Ted Jordan,NA,President of Medical Staff,2025-11-23,scraped,https://www.blancheriverhealth.ca/about-us/leadership,div_classes,NA
BROCKVILLE GENERAL,619,Large Community Hospital,Julie Caffin,NA,President and Chief Executive Officer,2025-11-23,scraped,https://www.brockvillegeneralhospital.ca/who-we-are/executive-leadership-team/,combined_h2,NA
BROCKVILLE GENERAL,619,Large Community Hospital,Dr. Greg Manning,NA,Chief of Staff,2025-11-23,scraped,https://www.brockvillegeneralhospital.ca/who-we-are/executive-leadership-team/,combined_h2,NA
BROCKVILLE GENERAL,619,Large Community Hospital,Reg Hart,NA,Interim Vice President and Chief Nursing Executive,2025-11-23,scraped,https://www.brockvillegeneralhospital.ca/who-we-are/executive-leadership-team/,combined_h2,NA
BROCKVILLE GENERAL,619,Large Community Hospital,Cameron McLennan,NA,Vice President People and Support Services,2025-11-23,scraped,https://www.brockvillegeneralhospital.ca/who-we-are/executive-leadership-team/,combined_h2,NA
BROCKVILLE GENERAL,619,Large Community Hospital,Sophia Weber,NA,Vice President and Chief Financial Officer,2025-11-23,scraped,https://www.brockvillegeneralhospital.ca/who-we-are/executive-leadership-team/,combined_h2,NA
BROCKVILLE GENERAL,619,Large Community Hospital,Sean Plant,NA,"Vice President, Digital Health and Chief Information Officer",2025-11-23,scraped,https://www.brockvillegeneralhospital.ca/who-we-are/executive-leadership-team/,combined_h2,NA
